sample_idx,latency_us
0,6.000
1,5.900
2,5.900
3,5.900
4,5.900
5,5.900
6,5.800
7,6.000
8,5.900
9,6.700
10,5.800
11,5.900
12,5.900
13,5.900
14,5.900
15,5.900
16,6.000
17,5.900
18,5.900
19,5.900
20,6.100
21,5.900
22,6.200
23,6.200
24,6.000
25,5.900
26,6.000
27,6.000
28,6.000
29,6.000
30,5.900
31,5.900
32,5.900
33,5.900
34,6.000
35,5.800
36,6.000
37,5.900
38,5.900
39,5.900
40,5.900
41,5.900
42,5.800
43,6.000
44,5.900
45,5.900
46,5.900
47,5.900
48,5.900
49,5.900
50,5.900
51,6.000
52,5.900
53,5.800
54,5.900
55,5.900
56,5.900
57,5.900
58,6.000
59,5.800
60,5.900
61,5.900
62,5.900
63,5.900
64,6.000
65,5.900
66,5.900
67,5.900
68,5.900
69,5.900
70,5.900
71,6.000
72,6.000
73,42.300
74,14.000
75,13.800
76,13.800
77,13.800
78,13.900
79,13.800
80,13.800
81,13.800
82,13.800
83,13.800
84,13.800
85,13.800
86,13.900
87,13.800
88,14.000
89,13.900
90,13.800
91,13.800
92,13.800
93,13.800
94,13.900
95,13.800
96,13.800
97,13.800
98,13.900
99,13.800
100,13.800
101,14.200
102,13.800
103,13.800
104,31.000
105,14.000
106,13.800
107,39.400
108,19.700
109,14.000
110,13.900
111,13.800
112,13.800
113,13.900
114,13.800
115,32.300
116,14.400
117,13.800
118,13.900
119,13.800
120,13.900
121,13.900
122,13.800
123,13.900
124,22.700
125,14.100
126,13.800
127,13.800
128,13.900
129,13.800
130,14.100
131,14.000
132,2801.600
133,28.300
134,14.100
135,14.100
136,13.900
137,13.900
138,13.800
139,13.900
140,13.800
141,13.900
142,13.900
143,13.900
144,13.800
145,14.000
146,14.000
147,15.400
148,15.700
149,13.900
150,13.800
151,14.200
152,13.900
153,13.900
154,13.800
155,13.900
156,13.800
157,13.900
158,14.000
159,13.800
160,13.800
161,13.900
162,13.900
163,13.800
164,13.800
165,13.800
166,13.900
167,13.900
168,13.800
169,13.900
170,13.900
171,29.300
172,15.000
173,13.900
174,13.800
175,13.900
176,47.600
177,15.100
178,13.900
179,81.600
180,15.700
181,14.100
182,13.800
183,27.100
184,29.000
185,14.200
186,13.800
187,13.800
188,13.800
189,13.800
190,13.800
191,13.800
192,13.800
193,14.200
194,13.800
195,13.800
196,13.800
197,13.800
198,13.800
199,30.600
200,13.900
201,13.900
202,13.800
203,13.800
204,13.900
205,13.800
206,13.900
207,13.800
208,13.800
209,16.000
210,13.900
211,13.800
212,13.800
213,13.900
214,13.900
215,13.800
216,13.900
217,13.900
218,13.900
219,13.800
220,13.900
221,13.800
222,13.900
223,13.800
224,13.800
225,13.900
226,13.800
227,13.900
228,13.800
229,13.800
230,13.900
231,13.900
232,13.800
233,86.900
234,14.700
235,13.900
236,38.000
237,14.400
238,13.900
239,41.300
240,21.000
241,14.000
242,13.800
243,29.500
244,14.000
245,13.800
246,13.800
247,15.600
248,15.500
249,53.900
250,15.400
251,13.900
252,13.800
253,16.500
254,13.800
255,13.800
256,13.900
257,13.800
258,13.800
259,13.800
260,13.900
261,13.800
262,13.800
263,13.800
264,13.900
265,14.200
266,13.900
267,13.800
268,42.300
269,20.100
270,13.900
271,13.800
272,13.900
273,13.800
274,13.800
275,13.800
276,14.000
277,14.000
278,13.800
279,13.800
280,13.800
281,14.100
282,13.800
283,13.800
284,13.800
285,13.800
286,13.900
287,13.800
288,13.900
289,13.800
290,13.900
291,39.100
292,14.200
293,13.800
294,13.800
295,13.800
296,13.800
297,13.900
298,13.800
299,22.000
300,33.200
301,17.800
302,13.900
303,13.800
304,44.900
305,14.600
306,13.900
307,13.900
308,13.900
309,13.900
310,13.900
311,13.900
312,13.900
313,13.900
314,13.900
315,13.800
316,14.000
317,13.800
318,13.900
319,13.900
320,13.800
321,14.000
322,13.900
323,13.800
324,13.900
325,13.900
326,13.800
327,29.200
328,13.900
329,14.100
330,15.500
331,15.500
332,13.800
333,13.900
334,13.800
335,13.800
336,13.800
337,14.000
338,13.800
339,13.800
340,13.800
341,13.800
342,13.900
343,13.800
344,13.900
345,14.400
346,13.800
347,13.800
348,13.800
349,13.800
350,13.800
351,13.800
352,13.800
353,13.800
354,13.800
355,13.800
356,13.900
357,14.600
358,13.800
359,13.800
360,13.800
361,13.800
362,13.800
363,13.800
364,13.800
365,35.500
366,14.100
367,13.800
368,13.900
369,13.800
370,13.800
371,13.800
372,13.900
373,13.800
374,13.900
375,13.800
376,13.800
377,13.900
378,13.800
379,13.900
380,13.800
381,13.800
382,13.900
383,13.800
384,13.900
385,13.800
386,13.800
387,13.900
388,13.800
389,13.900
390,13.800
391,13.900
392,13.800
393,13.800
394,13.900
395,13.800
396,13.900
397,13.900
398,13.800
399,14.200
400,15.600
401,15.500
402,13.900
403,13.900
404,77.800
405,19.500
406,14.000
407,13.800
408,13.800
409,13.800
410,13.900
411,13.800
412,13.800
413,13.800
414,13.800
415,13.800
416,13.800
417,13.800
418,13.800
419,13.800
420,13.900
421,16.300
422,13.800
423,13.900
424,13.800
425,13.800
426,13.900
427,13.800
428,13.900
429,13.800
430,13.800
431,14.000
432,42.100
433,17.100
434,32.400
435,14.200
436,14.000
437,13.800
438,13.900
439,13.900
440,13.900
441,13.900
442,14.000
443,13.900
444,13.800
445,14.000
446,13.900
447,13.900
448,13.900
449,13.900
450,14.000
451,13.900
452,13.900
453,13.900
454,13.900
455,87.600
456,13.800
457,13.800
458,13.800
459,13.800
460,13.900
461,13.800
462,13.800
463,13.700
464,13.900
465,13.800
466,13.800
467,13.900
468,13.800
469,13.800
470,13.900
471,13.800
472,13.900
473,13.900
474,13.900
475,13.900
476,13.800
477,13.700
478,13.900
479,13.900
480,13.800
481,13.800
482,13.800
483,13.900
484,13.800
485,13.800
486,13.800
487,13.800
488,13.800
489,13.800
490,13.800
491,13.800
492,13.900
493,17.200
494,13.900
495,13.800
496,13.800
497,13.800
498,13.800
499,13.700
500,13.900
501,13.800
502,13.800
503,13.800
504,13.800
505,13.700
506,13.800
507,13.800
508,13.800
509,13.800
510,13.800
511,13.800
512,13.800
513,13.800
514,13.800
515,13.800
516,13.800
517,13.800
518,13.800
519,13.800
520,13.800
521,13.800
522,13.900
523,13.800
524,13.800
525,13.800
526,13.800
527,13.800
528,13.900
529,30.400
530,14.100
531,14.500
532,15.800
533,14.900
534,13.800
535,13.800
536,13.800
537,13.800
538,13.800
539,13.900
540,13.800
541,13.800
542,13.800
543,13.800
544,13.800
545,13.800
546,13.800
547,13.900
548,13.800
549,13.800
550,13.800
551,13.800
552,13.800
553,13.800
554,13.800
555,13.800
556,13.800
557,13.800
558,13.800
559,13.800
560,13.800
561,13.800
562,13.800
563,13.800
564,13.800
565,13.800
566,13.800
567,13.800
568,13.800
569,13.800
570,13.800
571,13.800
572,53.200
573,14.400
574,13.900
575,13.900
576,13.900
577,13.900
578,13.900
579,13.900
580,14.000
581,13.800
582,14.200
583,20.000
584,14.000
585,14.000
586,13.900
587,13.900
588,13.900
589,13.900
590,13.900
591,14.000
592,13.900
593,13.900
594,13.900
595,13.900
596,14.000
597,14.400
598,16.000
599,15.000
600,13.900
601,14.100
602,13.900
603,13.900
604,14.000
605,13.900
606,13.900
607,14.000
608,13.900
609,14.000
610,13.900
611,13.900
612,14.000
613,13.900
614,13.900
615,13.900
616,13.900
617,13.900
618,14.000
619,13.900
620,13.900
621,14.000
622,13.900
623,13.900
624,19.200
625,5.900
626,6.000
627,5.900
628,5.900
629,6.000
630,5.900
631,5.900
632,5.900
633,5.900
634,5.900
635,5.900
636,6.000
637,5.900
638,5.900
639,5.900
640,5.900
641,5.900
642,5.900
643,6.000
644,5.900
645,5.900
646,5.900
647,5.900
648,5.800
649,6.000
650,5.900
651,5.900
652,5.900
653,5.900
654,5.900
655,5.900
656,6.200
657,6.000
658,6.300
659,6.100
660,6.000
661,6.300
662,6.000
663,6.200
664,6.000
665,5.900
666,5.900
667,5.900
668,5.900
669,5.900
670,5.900
671,5.900
672,6.000
673,5.900
674,5.900
675,5.900
676,5.900
677,5.900
678,5.900
679,5.900
680,5.900
681,5.900
682,5.900
683,5.900
684,5.900
685,6.000
686,5.900
687,5.900
688,5.900
689,5.900
690,5.900
691,5.900
692,6.000
693,5.900
694,5.900
695,5.900
696,5.900
697,5.900
698,5.900
699,5.900
700,6.000
701,5.900
702,5.900
703,5.900
704,5.900
705,5.800
706,6.000
707,5.900
708,5.900
709,7.600
710,5.900
711,5.900
712,5.900
713,5.900
714,5.900
715,5.900
716,5.900
717,5.900
718,5.900
719,5.900
720,6.100
721,5.900
722,5.900
723,5.900
724,5.900
725,5.900
726,6.000
727,20.100
728,14.200
729,13.800
730,13.800
731,13.800
732,13.800
733,13.800
734,13.800
735,13.900
736,13.800
737,13.800
738,13.900
739,13.800
740,13.900
741,13.800
742,13.800
743,13.800
744,13.800
745,13.800
746,13.800
747,13.900
748,13.800
749,13.800
750,13.900
751,13.900
752,13.900
753,13.800
754,13.800
755,13.800
756,13.900
757,13.800
758,13.800
759,13.800
760,13.900
761,14.000
762,13.800
763,13.900
764,13.800
765,13.800
766,13.800
767,13.800
768,13.900
769,13.800
770,13.800
771,13.900
772,13.800
773,13.800
774,13.900
775,13.800
776,13.900
777,13.800
778,13.900
779,13.800
780,13.900
781,13.800
782,13.800
783,13.900
784,13.800
785,13.900
786,14.000
787,13.900
788,13.800
789,13.900
790,13.800
791,13.800
792,13.800
793,13.800
794,13.800
795,13.900
796,13.800
797,13.800
798,14.200
799,15.400
800,15.600
801,13.800
802,13.800
803,13.900
804,13.800
805,13.800
806,13.800
807,13.900
808,13.800
809,13.800
810,13.900
811,13.800
812,13.800
813,13.800
814,13.900
815,13.800
816,13.800
817,13.800
818,13.900
819,13.800
820,13.900
821,13.800
822,13.800
823,13.900
824,13.800
825,13.800
826,13.800
827,13.800
828,13.900
829,13.800
830,13.800
831,13.800
832,13.900
833,13.900
834,13.800
835,13.800
836,13.900
837,23.200
838,13.800
839,13.800
840,13.900
841,13.800
842,13.900
843,13.800
844,13.800
845,13.900
846,13.800
847,13.900
848,13.800
849,13.800
850,13.900
851,13.900
852,13.900
853,13.800
854,13.900
855,13.900
856,13.800
857,13.900
858,13.900
859,13.800
860,13.800
861,13.900
862,13.900
863,13.800
864,13.800
865,13.800
866,13.900
867,13.800
868,13.900
869,13.800
870,13.800
871,24.400
872,14.100
873,13.900
874,13.900
875,13.800
876,13.800
877,13.800
878,13.900
879,13.800
880,13.800
881,13.800
882,13.800
883,13.900
884,13.800
885,13.800
886,13.800
887,13.900
888,13.900
889,13.800
890,13.800
891,13.800
892,13.900
893,13.800
894,13.800
895,13.800
896,13.900
897,13.800
898,13.800
899,13.800
900,13.900
901,13.800
902,13.800
903,13.800
904,13.900
905,13.900
906,13.900
907,13.800
908,13.900
909,13.800
910,13.800
911,13.900
912,14.000
913,573.100
914,14.900
915,6.200
916,5.900
917,6.000
918,5.900
919,6.000
920,6.000
921,5.900
922,5.900
923,5.800
924,5.900
925,5.900
926,5.800
927,5.900
928,5.900
929,5.800
930,5.900
931,5.900
932,5.800
933,5.900
934,5.900
935,5.800
936,5.900
937,5.800
938,5.900
939,5.900
940,5.800
941,5.900
942,5.900
943,5.800
944,5.900
945,6.000
946,5.900
947,5.900
948,5.900
949,5.900
950,5.800
951,5.900
952,5.900
953,5.800
954,5.900
955,5.900
956,5.800
957,5.900
958,5.800
959,5.900
960,5.900
961,5.800
962,5.900
963,5.900
964,5.800
965,19.200
966,5.900
967,5.800
968,5.900
969,5.900
970,5.900
971,5.800
972,5.900
973,5.800
974,5.800
975,5.900
976,5.900
977,6.400
978,5.800
979,5.900
980,5.900
981,5.800
982,5.900
983,5.900
984,6.000
985,5.800
986,5.900
987,5.800
988,5.900
989,5.800
990,5.800
991,5.900
992,5.900
993,5.800
994,5.800
995,5.900
996,5.900
997,5.800
998,5.900
999,5.900
1000,5.800
1001,9.300
1002,5.900
1003,5.800
1004,5.900
1005,5.900
1006,5.800
1007,5.900
1008,5.800
1009,5.800
1010,5.900
1011,5.900
1012,5.900
1013,5.800
1014,5.800
1015,5.900
1016,5.800
1017,5.900
1018,5.800
1019,5.900
1020,5.800
1021,5.900
1022,5.800
1023,5.900
1024,5.800
1025,5.800
1026,5.900
1027,5.900
1028,5.900
1029,5.800
1030,5.800
1031,5.900
1032,5.800
1033,5.900
1034,5.900
1035,5.800
1036,5.900
1037,6.000
1038,5.900
1039,5.900
1040,6.100
1041,6.000
1042,6.100
1043,6.100
1044,5.900
1045,6.000
1046,5.900
1047,6.100
1048,6.000
1049,5.900
1050,5.800
1051,5.900
1052,40.200
1053,14.200
1054,13.900
1055,13.800
1056,13.900
1057,13.800
1058,13.800
1059,13.900
1060,13.800
1061,13.800
1062,13.900
1063,13.800
1064,13.800
1065,13.900
1066,13.800
1067,13.800
1068,13.900
1069,13.900
1070,13.900
1071,13.800
1072,13.800
1073,13.900
1074,13.900
1075,13.800
1076,13.800
1077,13.800
1078,13.900
1079,13.900
1080,13.800
1081,13.800
1082,13.900
1083,13.900
1084,13.800
1085,13.800
1086,14.000
1087,13.900
1088,13.800
1089,13.800
1090,13.900
1091,13.900
1092,14.000
1093,18.300
1094,14.100
1095,14.000
1096,13.900
1097,13.900
1098,13.800
1099,14.100
1100,13.900
1101,13.800
1102,13.900
1103,13.900
1104,14.000
1105,13.800
1106,14.000
1107,13.800
1108,14.100
1109,13.900
1110,13.900
1111,13.800
1112,14.000
1113,13.900
1114,13.800
1115,14.000
1116,14.000
1117,14.200
1118,13.900
1119,15.800
1120,15.400
1121,13.900
1122,13.900
1123,13.800
1124,14.000
1125,14.000
1126,13.800
1127,13.900
1128,13.800
1129,13.900
1130,13.900
1131,13.800
1132,14.000
1133,14.000
1134,13.800
1135,13.900
1136,13.800
1137,14.100
1138,13.900
1139,13.800
1140,13.900
1141,14.000
1142,14.000
1143,13.800
1144,13.900
1145,9.200
1146,6.000
1147,6.000
1148,5.900
1149,5.900
1150,5.900
1151,5.900
1152,5.900
1153,5.900
1154,5.800
1155,5.900
1156,6.000
1157,5.800
1158,5.900
1159,5.900
1160,5.800
1161,5.900
1162,5.900
1163,5.900
1164,5.900
1165,5.800
1166,6.200
1167,5.800
1168,6.200
1169,6.100
1170,6.000
1171,6.000
1172,5.900
1173,6.000
1174,6.000
1175,5.900
1176,6.000
1177,5.900
1178,5.900
1179,5.800
1180,5.900
1181,5.800
1182,5.900
1183,5.900
1184,5.900
1185,5.900
1186,5.900
1187,5.800
1188,5.900
1189,5.900
1190,5.900
1191,5.900
1192,5.900
1193,5.900
1194,5.900
1195,5.900
1196,5.800
1197,5.900
1198,5.900
1199,5.900
1200,5.900
1201,5.800
1202,5.900
1203,5.900
1204,5.900
1205,5.900
1206,5.900
1207,5.900
1208,5.900
1209,5.800
1210,5.900
1211,5.900
1212,5.800
1213,5.900
1214,5.900
1215,5.900
1216,5.900
1217,5.800
1218,5.900
1219,7.300
1220,5.900
1221,5.900
1222,5.800
1223,5.900
1224,5.800
1225,5.900
1226,5.900
1227,5.900
1228,5.900
1229,5.800
1230,5.900
1231,5.800
1232,5.900
1233,6.000
1234,6.000
1235,5.900
1236,6.000
1237,6.000
1238,5.900
1239,5.900
1240,6.000
1241,5.800
1242,6.000
1243,5.900
1244,5.900
1245,6.000
1246,5.900
1247,5.900
1248,5.800
1249,5.900
1250,5.900
1251,6.200
1252,5.800
1253,5.900
1254,7.200
1255,6.200
1256,6.800
1257,6.600
1258,5.900
1259,5.800
1260,5.900
1261,20.400
1262,13.900
1263,13.800
1264,13.800
1265,13.900
1266,13.800
1267,13.800
1268,13.900
1269,13.800
1270,13.900
1271,13.800
1272,13.800
1273,13.900
1274,13.800
1275,13.800
1276,13.900
1277,13.800
1278,13.900
1279,13.800
1280,13.800
1281,13.800
1282,13.800
1283,13.900
1284,13.800
1285,13.800
1286,13.900
1287,13.800
1288,13.900
1289,13.800
1290,13.900
1291,13.800
1292,13.800
1293,13.800
1294,14.000
1295,13.900
1296,13.900
1297,13.900
1298,13.700
1299,13.900
1300,13.800
1301,44.600
1302,14.500
1303,844.500
1304,23.200
1305,16.600
1306,14.000
1307,13.900
1308,13.800
1309,13.800
1310,13.800
1311,13.800
1312,13.800
1313,13.800
1314,13.900
1315,13.800
1316,13.900
1317,13.800
1318,13.800
1319,13.900
1320,13.800
1321,13.800
1322,13.800
1323,13.800
1324,13.900
1325,14.100
1326,13.800
1327,13.900
1328,13.900
1329,13.800
1330,13.800
1331,13.800
1332,13.900
1333,13.800
1334,13.800
1335,13.800
1336,13.800
1337,13.900
1338,13.800
1339,13.800
1340,13.800
1341,35.200
1342,14.100
1343,13.900
1344,13.800
1345,13.800
1346,13.800
1347,33.300
1348,14.200
1349,13.800
1350,13.800
1351,13.900
1352,13.800
1353,13.800
1354,13.900
1355,13.800
1356,28.100
1357,14.000
1358,13.900
1359,13.800
1360,13.800
1361,13.800
1362,13.900
1363,39.300
1364,14.000
1365,13.900
1366,13.800
1367,13.800
1368,21.800
1369,14.100
1370,13.900
1371,13.800
1372,14.000
1373,22.100
1374,21.900
1375,13.900
1376,13.800
1377,13.800
1378,21.700
1379,14.000
1380,21.300
1381,13.800
1382,13.800
1383,13.800
1384,13.900
1385,13.800
1386,13.800
1387,13.800
1388,13.900
1389,13.800
1390,13.800
1391,13.800
1392,13.900
1393,13.800
1394,13.800
1395,13.900
1396,13.800
1397,13.800
1398,13.900
1399,13.800
1400,13.800
1401,14.200
1402,187.400
1403,21.100
1404,14.100
1405,14.100
1406,13.900
1407,13.800
1408,13.900
1409,13.900
1410,13.900
1411,13.800
1412,14.000
1413,13.800
1414,13.900
1415,13.900
1416,13.900
1417,13.900
1418,13.900
1419,13.800
1420,14.100
1421,13.900
1422,13.900
1423,13.900
1424,13.900
1425,14.000
1426,13.900
1427,13.800
1428,13.900
1429,14.000
1430,13.900
1431,13.900
1432,13.800
1433,14.000
1434,13.900
1435,13.900
1436,13.900
1437,13.900
1438,13.800
1439,13.900
1440,13.900
1441,13.900
1442,13.800
1443,13.900
1444,13.900
1445,13.800
1446,13.900
1447,13.900
1448,13.800
1449,13.900
1450,13.900
1451,13.800
1452,13.900
1453,13.800
1454,13.900
1455,13.900
1456,13.800
1457,13.900
1458,13.900
1459,13.900
1460,13.800
1461,14.000
1462,13.900
1463,13.800
1464,13.900
1465,13.900
1466,13.900
1467,55.000
1468,14.400
1469,13.800
1470,13.800
1471,13.900
1472,13.800
1473,13.800
1474,13.800
1475,35.000
1476,15.800
1477,14.700
1478,13.800
1479,13.800
1480,13.900
1481,13.800
1482,13.800
1483,13.800
1484,13.800
1485,15.600
1486,13.800
1487,13.900
1488,13.800
1489,13.900
1490,13.900
1491,13.800
1492,13.900
1493,13.900
1494,13.800
1495,13.800
1496,13.900
1497,13.800
1498,13.900
1499,13.800
1500,41.800
1501,14.500
1502,13.900
1503,13.800
1504,13.800
1505,13.900
1506,13.800
1507,13.800
1508,13.900
1509,13.900
1510,13.800
1511,13.800
1512,13.800
1513,13.900
1514,13.800
1515,13.800
1516,13.800
1517,13.800
1518,13.800
1519,13.900
1520,13.800
1521,13.900
1522,13.800
1523,13.800
1524,13.800
1525,13.900
1526,13.800
1527,13.800
1528,13.800
1529,13.800
1530,13.900
1531,13.800
1532,13.800
1533,13.900
1534,13.900
1535,13.800
1536,13.800
1537,13.900
1538,13.900
1539,13.800
1540,13.900
1541,14.000
1542,13.800
1543,13.900
1544,13.800
1545,13.900
1546,13.900
1547,13.800
1548,13.900
1549,14.200
1550,14.500
1551,13.900
1552,14.400
1553,14.200
1554,13.900
1555,13.900
1556,13.900
1557,13.900
1558,13.800
1559,13.800
1560,13.900
1561,13.800
1562,13.800
1563,13.900
1564,13.900
1565,13.800
1566,13.800
1567,13.900
1568,13.900
1569,13.900
1570,13.800
1571,13.900
1572,13.900
1573,13.800
1574,13.900
1575,13.800
1576,14.000
1577,14.100
1578,13.900
1579,14.000
1580,14.100
1581,14.000
1582,13.800
1583,13.800
1584,13.900
1585,13.900
1586,13.900
1587,13.800
1588,13.900
1589,13.900
1590,13.900
1591,13.800
1592,13.900
1593,13.900
1594,13.800
1595,13.900
1596,13.800
1597,13.900
1598,13.900
1599,13.800
1600,14.200
1601,15.300
1602,16.000
1603,18.800
1604,13.800
1605,13.900
1606,14.000
1607,13.800
1608,13.800
1609,13.900
1610,13.800
1611,13.900
1612,13.900
1613,13.800
1614,13.900
1615,13.900
1616,13.900
1617,13.900
1618,14.000
1619,13.900
1620,13.900
1621,13.800
1622,13.900
1623,13.800
1624,13.800
1625,13.900
1626,13.800
1627,13.900
1628,13.900
1629,13.800
1630,13.800
1631,13.900
1632,13.900
1633,13.800
1634,13.800
1635,13.900
1636,13.900
1637,13.800
1638,13.800
1639,13.900
1640,38.200
1641,14.200
1642,13.800
1643,13.900
1644,13.800
1645,13.800
1646,13.900
1647,13.900
1648,13.900
1649,13.800
1650,13.800
1651,13.900
1652,13.900
1653,13.800
1654,13.800
1655,13.900
1656,13.800
1657,13.900
1658,13.900
1659,13.800
1660,13.800
1661,13.900
1662,13.800
1663,13.900
1664,23.400
1665,14.200
1666,13.800
1667,13.800
1668,13.900
1669,13.900
1670,13.800
1671,13.800
1672,13.900
1673,13.900
1674,13.800
1675,13.800
1676,14.000
1677,13.900
1678,14.000
1679,13.800
1680,13.800
1681,13.800
1682,13.900
1683,13.900
1684,13.800
1685,13.800
1686,13.900
1687,13.900
1688,13.800
1689,16.200
1690,13.800
1691,13.900
1692,13.800
1693,13.800
1694,13.800
1695,13.900
1696,13.800
1697,13.800
1698,13.800
1699,13.900
1700,13.800
1701,13.800
1702,13.800
1703,13.900
1704,13.800
1705,13.800
1706,13.800
1707,13.900
1708,13.900
1709,13.800
1710,13.800
1711,13.800
1712,13.900
1713,13.800
1714,13.800
1715,13.800
1716,13.900
1717,13.800
1718,13.800
1719,13.800
1720,13.900
1721,13.800
1722,13.800
1723,13.800
1724,13.900
1725,13.900
1726,13.800
1727,13.800
1728,13.800
1729,18.700
1730,13.900
1731,13.900
1732,13.900
1733,13.900
1734,13.800
1735,25.300
1736,14.000
1737,13.900
1738,13.800
1739,13.800
1740,13.800
1741,14.500
1742,15.700
1743,14.900
1744,13.900
1745,13.800
1746,13.900
1747,13.900
1748,13.800
1749,13.800
1750,13.800
1751,13.800
1752,13.800
1753,13.800
1754,13.900
1755,13.800
1756,13.800
1757,13.800
1758,13.800
1759,13.800
1760,13.800
1761,13.800
1762,13.800
1763,13.800
1764,13.800
1765,13.800
1766,13.800
1767,13.800
1768,13.800
1769,13.800
1770,13.800
1771,13.900
1772,13.800
1773,13.800
1774,13.800
1775,13.800
1776,13.800
1777,13.800
1778,13.800
1779,13.800
1780,13.800
1781,13.800
1782,33.200
1783,13.900
1784,13.800
1785,13.800
1786,13.800
1787,13.800
1788,13.900
1789,13.800
1790,13.800
1791,13.800
1792,13.800
1793,13.800
1794,13.800
1795,13.800
1796,13.800
1797,13.800
1798,13.800
1799,13.800
1800,13.800
1801,13.900
1802,13.800
1803,13.800
1804,13.900
1805,13.800
1806,13.900
1807,13.900
1808,13.700
1809,13.900
1810,13.800
1811,14.200
1812,15.500
1813,15.500
1814,13.800
1815,13.800
1816,13.800
1817,13.800
1818,13.900
1819,13.800
1820,13.800
1821,13.800
1822,13.900
1823,13.800
1824,13.800
1825,13.800
1826,13.800
1827,13.800
1828,13.800
1829,13.900
1830,13.900
1831,13.800
1832,13.800
1833,13.800
1834,13.900
1835,13.800
1836,13.800
1837,13.800
1838,13.900
1839,13.800
1840,13.900
1841,13.800
1842,13.800
1843,13.800
1844,13.900
1845,13.800
1846,13.800
1847,13.800
1848,13.800
1849,13.800
1850,13.800
1851,13.800
1852,13.900
1853,13.800
1854,13.800
1855,13.800
1856,13.800
1857,17.000
1858,13.800
1859,13.900
1860,13.900
1861,13.800
1862,13.800
1863,13.800
1864,13.900
1865,13.800
1866,13.800
1867,13.800
1868,13.900
1869,13.800
1870,13.800
1871,13.800
1872,13.900
1873,13.800
1874,13.900
1875,13.900
1876,13.800
1877,26.700
1878,14.100
1879,13.800
1880,13.900
1881,13.800
1882,13.800
1883,13.900
1884,13.800
1885,13.800
1886,13.900
1887,13.800
1888,13.800
1889,13.800
1890,13.900
1891,13.800
1892,13.800
1893,13.800
1894,13.900
1895,13.900
1896,13.800
1897,13.900
1898,13.900
1899,13.800
1900,13.900
1901,13.800
1902,13.800
1903,13.900
1904,13.800
1905,13.900
1906,13.800
1907,13.900
1908,13.800
1909,13.800
1910,13.900
1911,13.800
1912,13.900
1913,13.800
1914,13.800
1915,13.900
1916,13.900
1917,14.400
1918,13.800
1919,13.900
1920,13.900
1921,13.800
1922,13.800
1923,13.800
1924,13.900
1925,13.900
1926,13.800
1927,13.900
1928,13.900
1929,13.800
1930,13.800
1931,13.800
1932,13.900
1933,13.900
1934,13.900
1935,13.900
1936,13.800
1937,13.900
1938,13.900
1939,13.800
1940,13.800
1941,13.800
1942,13.900
1943,13.800
1944,13.800
1945,13.900
1946,13.900
1947,13.800
1948,13.800
1949,13.900
1950,13.900
1951,13.800
1952,13.900
1953,13.800
1954,13.900
1955,13.800
1956,13.900
1957,13.800
1958,13.900
1959,13.900
1960,13.800
1961,13.800
1962,13.900
1963,13.900
1964,13.800
1965,13.800
1966,13.900
1967,13.900
1968,13.800
1969,13.800
1970,13.900
1971,13.900
1972,13.800
1973,13.800
1974,13.900
1975,13.900
1976,13.800
1977,13.900
1978,13.800
1979,13.900
1980,13.900
1981,13.800
1982,13.800
1983,13.900
1984,13.900
1985,66.400
1986,13.800
1987,13.800
1988,13.900
1989,13.800
1990,13.900
1991,13.800
1992,13.800
1993,13.900
1994,13.800
1995,13.900
1996,13.800
1997,13.900
1998,13.800
1999,13.800
2000,14.000
2001,13.800
2002,13.900
2003,14.000
2004,13.800
2005,13.900
2006,13.900
2007,13.800
2008,13.900
2009,13.800
2010,13.800
2011,13.900
2012,13.900
2013,13.800
2014,13.800
2015,13.900
2016,13.800
2017,23.200
2018,13.900
2019,13.800
2020,13.900
2021,13.800
2022,13.900
2023,14.600
2024,15.700
2025,14.900
2026,13.800
2027,13.800
2028,13.800
2029,13.900
2030,13.800
2031,13.900
2032,13.800
2033,13.800
2034,13.800
2035,13.800
2036,13.900
2037,13.800
2038,13.800
2039,13.800
2040,13.900
2041,13.800
2042,13.900
2043,13.800
2044,13.800
2045,13.800
2046,13.900
2047,13.800
2048,13.800
2049,13.800
2050,14.000
2051,13.800
2052,13.900
2053,13.900
2054,13.800
2055,13.900
2056,13.800
2057,13.800
2058,13.900
2059,13.800
2060,14.100
2061,13.800
2062,13.900
2063,34.300
2064,14.000
2065,14.000
2066,13.800
2067,13.900
2068,13.800
2069,13.900
2070,13.900
2071,13.800
2072,13.900
2073,13.900
2074,13.900
2075,13.900
2076,13.900
2077,13.800
2078,13.900
2079,13.900
2080,13.900
2081,13.900
2082,13.800
2083,13.900
2084,14.000
2085,13.800
2086,13.900
2087,13.900
2088,13.900
2089,13.900
2090,13.800
2091,13.900
2092,13.900
2093,13.900
2094,13.900
2095,13.900
2096,13.900
2097,13.900
2098,13.800
2099,13.900
2100,13.900
2101,13.900
2102,13.900
2103,13.800
2104,13.900
2105,14.000
2106,13.800
2107,13.900
2108,13.900
2109,13.900
2110,13.900
2111,13.900
2112,13.900
2113,18.100
2114,14.000
2115,13.900
2116,13.800
2117,14.000
2118,13.900
2119,13.900
2120,13.900
2121,13.900
2122,14.000
2123,13.800
2124,14.000
2125,13.900
2126,14.000
2127,13.900
2128,14.000
2129,14.000
2130,14.000
2131,13.800
2132,13.900
2133,13.900
2134,13.900
2135,13.900
2136,13.900
2137,13.800
2138,14.000
2139,13.900
2140,13.800
2141,13.900
2142,13.900
2143,14.000
2144,13.900
2145,13.900
2146,13.900
2147,14.000
2148,13.900
2149,13.900
2150,13.900
2151,13.900
2152,14.000
2153,13.800
2154,13.900
2155,13.900
2156,13.900
2157,13.900
2158,13.900
2159,23.200
2160,14.000
2161,13.800
2162,13.900
2163,13.800
2164,13.800
2165,13.800
2166,13.900
2167,13.800
2168,13.900
2169,13.800
2170,13.800
2171,13.800
2172,13.900
2173,14.900
2174,13.800
2175,13.800
2176,13.900
2177,13.900
2178,13.800
2179,13.800
2180,13.900
2181,13.900
2182,13.800
2183,13.800
2184,13.800
2185,13.900
2186,13.900
2187,13.900
2188,13.900
2189,13.900
2190,13.900
2191,13.800
2192,13.800
2193,13.800
2194,13.800
2195,13.800
2196,13.900
2197,14.000
2198,14.000
2199,13.900
2200,13.900
2201,13.900
2202,13.800
2203,13.800
2204,13.800
2205,13.900
2206,13.800
2207,13.900
2208,13.800
2209,13.900
2210,13.800
2211,13.900
2212,13.800
2213,14.100
2214,13.800
2215,13.900
2216,13.800
2217,13.800
2218,13.900
2219,13.800
2220,13.900
2221,13.800
2222,13.800
2223,13.900
2224,13.800
2225,13.800
2226,13.900
2227,13.900
2228,13.800
2229,13.800
2230,13.900
2231,13.800
2232,13.900
2233,14.100
2234,14.800
2235,15.700
2236,14.400
2237,13.800
2238,13.900
2239,15.600
2240,13.800
2241,13.900
2242,13.900
2243,13.800
2244,13.800
2245,13.800
2246,13.800
2247,13.800
2248,13.800
2249,13.800
2250,13.800
2251,13.800
2252,13.800
2253,13.800
2254,13.900
2255,13.800
2256,13.900
2257,13.900
2258,13.800
2259,13.800
2260,13.900
2261,13.800
2262,13.900
2263,13.800
2264,13.800
2265,13.800
2266,13.900
2267,13.800
2268,13.800
2269,13.800
2270,13.800
2271,13.800
2272,13.800
2273,13.800
2274,13.800
2275,13.800
2276,13.800
2277,13.900
2278,13.800
2279,13.800
2280,13.800
2281,13.800
2282,13.800
2283,13.800
2284,13.800
2285,13.800
2286,13.800
2287,13.800
2288,13.800
2289,13.800
2290,13.800
2291,13.800
2292,13.800
2293,13.800
2294,13.800
2295,13.800
2296,13.800
2297,13.800
2298,13.800
2299,13.800
2300,13.800
2301,13.900
2302,13.700
2303,22.500
2304,14.000
2305,13.800
2306,13.900
2307,13.800
2308,13.800
2309,13.900
2310,13.800
2311,13.800
2312,13.900
2313,13.900
2314,13.900
2315,13.800
2316,13.900
2317,13.900
2318,13.900
2319,13.800
2320,13.800
2321,13.800
2322,13.800
2323,13.800
2324,13.900
2325,13.800
2326,13.800
2327,13.800
2328,13.900
2329,13.800
2330,13.800
2331,13.800
2332,13.900
2333,13.800
2334,13.900
2335,13.800
2336,13.800
2337,13.900
2338,13.800
2339,13.800
2340,13.800
2341,13.900
2342,13.800
2343,13.800
2344,13.800
2345,13.900
2346,13.800
2347,13.800
2348,13.900
2349,25.800
2350,13.900
2351,13.800
2352,13.800
2353,13.900
2354,13.800
2355,13.800
2356,13.800
2357,13.900
2358,13.800
2359,13.900
2360,13.800
2361,13.800
2362,13.900
2363,13.800
2364,13.800
2365,14.000
2366,13.800
2367,15.600
2368,13.800
2369,13.800
2370,13.900
2371,13.900
2372,13.800
2373,13.800
2374,13.800
2375,13.900
2376,13.800
2377,13.900
2378,13.800
2379,13.800
2380,13.900
2381,13.800
2382,13.900
2383,13.900
2384,14.000
2385,13.900
2386,13.800
2387,13.800
2388,13.900
2389,13.800
2390,13.900
2391,13.800
2392,13.900
2393,13.800
2394,13.800
2395,13.800
2396,13.800
2397,13.900
2398,13.800
2399,1323.400
2400,28.700
2401,14.000
2402,13.800
2403,13.900
2404,13.800
2405,13.900
2406,14.000
2407,13.800
2408,13.900
2409,13.800
2410,13.800
2411,14.000
2412,13.800
2413,13.800
2414,13.800
2415,14.000
2416,13.800
2417,13.800
2418,13.800
2419,77.900
2420,14.100
2421,14.100
2422,14.700
2423,15.600
2424,14.400
2425,13.800
2426,13.800
2427,13.800
2428,13.800
2429,13.900
2430,13.800
2431,13.800
2432,13.800
2433,13.800
2434,13.800
2435,13.800
2436,13.900
2437,13.800
2438,13.800
2439,13.800
2440,13.800
2441,13.800
2442,13.900
2443,13.800
2444,13.900
2445,14.100
2446,13.800
2447,13.800
2448,13.800
2449,13.800
2450,13.800
2451,13.800
2452,13.800
2453,13.900
2454,13.800
2455,13.700
2456,13.800
2457,13.900
2458,13.800
2459,13.800
2460,13.800
2461,18.600
2462,13.800
2463,13.800
2464,13.800
2465,13.800
2466,13.800
2467,13.800
2468,13.800
2469,13.800
2470,13.800
2471,13.800
2472,13.800
2473,79.300
2474,15.900
2475,13.900
2476,13.900
2477,13.800
2478,13.800
2479,13.800
2480,13.900
2481,13.800
2482,13.900
2483,13.800
2484,13.800
2485,13.900
2486,13.800
2487,13.800
2488,14.100
2489,13.900
2490,150.600
2491,49.500
2492,15.300
2493,13.900
2494,13.800
2495,142.600
2496,14.300
2497,13.900
2498,13.900
2499,13.800
2500,13.800
2501,13.800
2502,13.800
2503,13.800
2504,13.800
2505,13.800
2506,13.800
2507,13.800
2508,13.800
2509,84.800
2510,14.400
2511,13.800
2512,14.000
2513,14.000
2514,13.800
2515,13.800
2516,13.800
2517,13.900
2518,13.800
2519,13.800
2520,13.800
2521,13.800
2522,13.800
2523,13.800
2524,13.800
2525,13.800
2526,13.800
2527,13.800
2528,13.800
2529,13.800
2530,13.800
2531,13.800
2532,13.800
2533,13.800
2534,13.800
2535,13.800
2536,13.800
2537,13.800
2538,13.900
2539,13.800
2540,13.800
2541,13.900
2542,13.800
2543,13.900
2544,13.800
2545,13.800
2546,13.800
2547,13.900
2548,13.800
2549,14.000
2550,13.800
2551,13.800
2552,13.800
2553,13.800
2554,13.800
2555,13.800
2556,13.900
2557,13.800
2558,13.800
2559,13.800
2560,13.800
2561,13.800
2562,13.900
2563,13.900
2564,13.800
2565,13.900
2566,13.800
2567,13.800
2568,14.100
2569,13.800
2570,13.900
2571,13.800
2572,14.000
2573,14.000
2574,13.800
2575,13.800
2576,13.800
2577,13.800
2578,13.800
2579,13.800
2580,13.700
2581,13.800
2582,13.800
2583,13.800
2584,13.800
2585,13.900
2586,13.800
2587,13.800
2588,13.800
2589,13.800
2590,13.800
2591,13.800
2592,13.800
2593,13.800
2594,13.900
2595,13.800
2596,13.800
2597,13.800
2598,13.900
2599,13.800
2600,13.800
2601,13.800
2602,13.800
2603,13.900
2604,13.700
2605,13.900
2606,13.800
2607,13.800
2608,29.100
2609,13.900
2610,13.900
2611,13.800
2612,13.800
2613,13.900
2614,13.800
2615,13.800
2616,13.800
2617,13.900
2618,13.800
2619,13.800
2620,13.800
2621,13.900
2622,14.300
2623,26.700
2624,14.300
2625,13.800
2626,13.800
2627,13.900
2628,13.800
2629,13.800
2630,13.800
2631,13.900
2632,13.800
2633,13.800
2634,13.900
2635,13.800
2636,13.900
2637,13.800
2638,13.900
2639,13.900
2640,13.900
2641,13.800
2642,13.800
2643,13.800
2644,13.900
2645,13.800
2646,13.800
2647,13.900
2648,13.800
2649,13.800
2650,13.800
2651,13.800
2652,13.900
2653,13.900
2654,13.800
2655,13.800
2656,13.800
2657,13.800
2658,13.900
2659,13.800
2660,13.800
2661,14.200
2662,13.800
2663,13.800
2664,13.900
2665,13.800
2666,13.800
2667,13.800
2668,13.900
2669,13.800
2670,13.800
2671,13.800
2672,13.800
2673,13.900
2674,13.800
2675,13.800
2676,13.800
2677,13.900
2678,13.800
2679,13.800
2680,14.200
2681,15.500
2682,15.500
2683,13.800
2684,13.800
2685,13.900
2686,13.800
2687,13.900
2688,13.800
2689,13.800
2690,13.900
2691,13.800
2692,13.800
2693,13.900
2694,13.800
2695,13.800
2696,13.900
2697,13.900
2698,13.800
2699,13.900
2700,13.900
2701,13.900
2702,13.800
2703,13.800
2704,13.800
2705,13.900
2706,13.800
2707,13.800
2708,13.800
2709,13.900
2710,13.800
2711,13.800
2712,13.800
2713,13.800
2714,13.900
2715,13.800
2716,13.800
2717,13.800
2718,13.800
2719,13.800
2720,13.800
2721,13.800
2722,13.900
2723,13.800
2724,13.800
2725,13.900
2726,13.800
2727,13.800
2728,13.800
2729,13.900
2730,13.800
2731,13.800
2732,13.800
2733,13.900
2734,13.800
2735,13.800
2736,13.800
2737,13.900
2738,13.800
2739,13.800
2740,13.800
2741,13.900
2742,13.800
2743,13.800
2744,13.800
2745,13.800
2746,13.800
2747,13.800
2748,13.900
2749,15.600
2750,13.800
2751,21.800
2752,15.300
2753,14.100
2754,15.500
2755,13.800
2756,13.800
2757,13.800
2758,13.800
2759,13.800
2760,13.800
2761,13.800
2762,13.800
2763,13.800
2764,13.900
2765,13.800
2766,13.900
2767,13.900
2768,13.800
2769,13.800
2770,13.800
2771,13.800
2772,13.800
2773,13.800
2774,13.800
2775,13.800
2776,13.800
2777,13.800
2778,13.800
2779,13.900
2780,13.800
2781,13.800
2782,13.800
2783,13.800
2784,13.800
2785,17.400
2786,13.800
2787,13.800
2788,13.800
2789,31.500
2790,6.100
2791,5.900
2792,5.900
2793,5.900
2794,5.900
2795,5.900
2796,5.900
2797,5.900
2798,5.900
2799,5.800
2800,5.900
2801,5.900
2802,5.900
2803,5.900
2804,5.800
2805,5.900
2806,5.800
2807,5.900
2808,5.900
2809,5.900
2810,5.900
2811,5.900
2812,5.800
2813,5.900
2814,5.900
2815,5.900
2816,5.900
2817,5.900
2818,5.900
2819,5.900
2820,5.900
2821,5.900
2822,6.000
2823,5.900
2824,6.200
2825,5.800
2826,6.200
2827,6.200
2828,5.900
2829,6.100
2830,6.000
2831,6.000
2832,6.000
2833,5.800
2834,5.900
2835,5.900
2836,5.900
2837,5.900
2838,5.900
2839,5.800
2840,5.900
2841,5.800
2842,5.900
2843,5.900
2844,5.900
2845,5.900
2846,5.900
2847,5.900
2848,5.800
2849,5.900
2850,5.900
2851,5.900
2852,5.900
2853,5.900
2854,5.800
2855,5.900
2856,5.900
2857,5.800
2858,5.900
2859,6.000
2860,5.800
2861,5.900
2862,5.900
2863,6.100
2864,5.900
2865,5.900
2866,5.900
2867,5.900
2868,5.900
2869,5.800
2870,5.900
2871,5.900
2872,5.900
2873,5.900
2874,5.900
2875,5.900
2876,5.800
2877,7.800
2878,5.800
2879,5.900
2880,5.900
2881,5.900
2882,5.900
2883,5.800
2884,5.900
2885,5.900
2886,5.900
2887,5.800
2888,5.900
2889,5.900
2890,5.900
2891,5.900
2892,5.900
2893,5.900
2894,6.000
2895,5.900
2896,5.800
2897,5.900
2898,5.900
2899,5.900
2900,5.800
2901,5.900
2902,5.900
2903,5.900
2904,5.900
2905,5.800
2906,5.900
2907,5.900
2908,5.900
2909,5.900
2910,5.900
2911,5.900
2912,5.800
2913,5.900
2914,5.900
2915,5.900
2916,5.900
2917,5.800
2918,5.900
2919,5.800
2920,5.900
2921,5.900
2922,5.900
2923,5.900
2924,5.900
2925,5.800
2926,5.900
2927,5.800
2928,5.900
2929,5.900
2930,5.900
2931,5.900
2932,5.800
2933,5.900
2934,5.900
2935,5.800
2936,6.000
2937,5.800
2938,5.900
2939,5.900
2940,5.900
2941,5.800
2942,5.900
2943,5.900
2944,6.000
2945,5.800
2946,5.900
2947,5.900
2948,5.900
2949,5.800
2950,5.900
2951,5.900
2952,6.200
2953,5.900
2954,6.100
2955,6.100
2956,6.000
2957,6.100
2958,6.000
2959,6.000
2960,6.000
2961,5.800
2962,5.900
2963,5.900
2964,5.900
2965,5.900
2966,5.900
2967,5.800
2968,5.900
2969,5.900
2970,5.800
2971,5.900
2972,5.900
2973,5.900
2974,5.900
2975,5.800
2976,5.900
2977,5.900
2978,5.900
2979,5.900
2980,5.900
2981,5.900
2982,5.800
2983,5.900
2984,5.800
2985,5.900
2986,5.900
2987,5.900
2988,5.900
2989,5.900
2990,5.800
2991,5.900
2992,5.900
2993,5.900
2994,5.900
2995,5.900
2996,5.800
2997,5.900
2998,5.800
2999,5.900
3000,5.900
3001,5.800
3002,5.900
3003,5.900
3004,5.900
3005,7.200
3006,5.900
3007,5.900
3008,5.900
3009,5.900
3010,5.800
3011,5.900
3012,5.900
3013,5.800
3014,5.900
3015,5.900
3016,5.900
3017,5.900
3018,5.800
3019,5.900
3020,5.900
3021,5.900
3022,6.000
3023,5.900
3024,5.900
3025,5.800
3026,5.900
3027,5.800
3028,5.900
3029,5.900
3030,5.900
3031,5.900
3032,5.900
3033,17.900
3034,13.800
3035,13.800
3036,13.800
3037,13.800
3038,13.800
3039,13.800
3040,13.800
3041,13.800
3042,13.800
3043,13.800
3044,13.800
3045,13.900
3046,13.800
3047,13.800
3048,13.800
3049,13.900
3050,13.800
3051,13.800
3052,13.800
3053,13.800
3054,13.900
3055,13.800
3056,13.800
3057,13.800
3058,13.800
3059,13.800
3060,13.800
3061,13.900
3062,13.800
3063,13.800
3064,13.800
3065,13.900
3066,13.800
3067,13.800
3068,13.800
3069,13.800
3070,13.900
3071,13.800
3072,13.900
3073,13.800
3074,13.800
3075,13.800
3076,13.800
3077,13.900
3078,13.900
3079,13.800
3080,14.000
3081,13.800
3082,13.900
3083,13.800
3084,13.900
3085,13.800
3086,13.800
3087,13.800
3088,13.800
3089,13.800
3090,13.800
3091,13.800
3092,13.800
3093,13.800
3094,13.800
3095,13.900
3096,13.800
3097,13.800
3098,13.800
3099,13.900
3100,13.800
3101,13.900
3102,13.800
3103,13.800
3104,13.800
3105,14.200
3106,15.300
3107,15.600
3108,13.900
3109,13.800
3110,13.800
3111,13.800
3112,13.900
3113,13.800
3114,13.800
3115,13.800
3116,13.900
3117,13.800
3118,13.800
3119,13.800
3120,13.800
3121,13.900
3122,13.800
3123,13.800
3124,13.800
3125,13.900
3126,13.800
3127,13.800
3128,13.800
3129,13.800
3130,13.900
3131,13.800
3132,13.900
3133,15.600
3134,14.000
3135,13.800
3136,13.900
3137,13.800
3138,13.800
3139,13.900
3140,13.800
3141,13.800
3142,13.800
3143,13.900
3144,13.900
3145,13.700
3146,13.900
3147,13.900
3148,14.000
3149,14.300
3150,13.800
3151,13.700
3152,13.900
3153,13.800
3154,13.700
3155,13.900
3156,13.900
3157,13.800
3158,13.800
3159,13.800
3160,13.900
3161,13.800
3162,13.800
3163,13.900
3164,13.800
3165,13.900
3166,13.800
3167,13.900
3168,13.800
3169,13.900
3170,13.800
3171,13.900
3172,13.900
3173,13.800
3174,13.800
3175,13.800
3176,13.900
3177,22.700
3178,15.900
3179,14.500
3180,13.800
3181,13.900
3182,13.800
3183,13.800
3184,13.800
3185,13.900
3186,13.800
3187,13.800
3188,13.800
3189,13.900
3190,13.800
3191,13.800
3192,13.800
3193,13.900
3194,13.800
3195,13.800
3196,13.800
3197,13.900
3198,13.900
3199,13.900
3200,13.800
3201,13.900
3202,13.800
3203,13.900
3204,13.800
3205,13.800
3206,14.000
3207,13.800
3208,14.000
3209,13.800
3210,13.900
3211,13.900
3212,13.900
3213,13.800
3214,13.800
3215,39.400
3216,14.000
3217,13.900
3218,13.900
3219,13.800
3220,13.900
3221,13.900
3222,13.800
3223,13.900
3224,13.900
3225,13.800
3226,13.900
3227,13.900
3228,13.900
3229,13.800
3230,13.900
3231,13.900
3232,13.900
3233,13.900
3234,13.900
3235,14.000
3236,13.900
3237,13.800
3238,13.900
3239,13.900
3240,13.900
3241,13.900
3242,13.800
3243,13.900
3244,14.000
3245,13.900
3246,13.800
3247,13.900
3248,13.900
3249,13.900
3250,13.800
3251,13.900
3252,13.900
3253,14.300
3254,13.800
3255,13.900
3256,13.900
3257,13.900
3258,13.800
3259,16.300
3260,13.900
3261,13.800
3262,13.900
3263,13.800
3264,13.800
3265,13.800
3266,13.900
3267,13.700
3268,13.900
3269,13.800
3270,13.900
3271,13.800
3272,13.700
3273,13.800
3274,13.900
3275,13.800
3276,13.900
3277,13.900
3278,13.800
3279,13.800
3280,13.800
3281,13.800
3282,13.800
3283,13.800
3284,13.800
3285,13.800
3286,13.800
3287,13.800
3288,13.800
3289,13.800
3290,13.800
3291,13.800
3292,13.800
3293,13.700
3294,13.800
3295,13.800
3296,13.800
3297,13.900
3298,13.800
3299,13.800
3300,13.800
3301,13.700
3302,13.800
3303,13.800
3304,13.800
3305,13.800
3306,13.800
3307,13.800
3308,13.800
3309,13.900
3310,13.800
3311,13.800
3312,13.800
3313,13.800
3314,13.700
3315,13.800
3316,13.800
3317,13.900
3318,13.800
3319,21.100
3320,13.800
3321,13.800
3322,13.900
3323,13.800
3324,13.900
3325,13.800
3326,13.900
3327,13.800
3328,13.900
3329,13.900
3330,13.800
3331,13.800
3332,13.900
3333,13.800
3334,14.000
3335,13.800
3336,14.000
3337,13.900
3338,13.900
3339,13.800
3340,13.800
3341,13.800
3342,13.800
3343,13.800
3344,13.800
3345,13.800
3346,13.800
3347,13.900
3348,13.800
3349,13.800
3350,13.800
3351,13.900
3352,13.800
3353,13.800
3354,13.900
3355,13.800
3356,13.900
3357,13.800
3358,13.800
3359,13.800
3360,13.800
3361,13.800
3362,13.900
3363,13.800
3364,13.800
3365,13.900
3366,13.800
3367,13.900
3368,13.900
3369,13.700
3370,13.900
3371,13.900
3372,13.800
3373,13.800
3374,13.800
3375,13.900
3376,13.800
3377,13.800
3378,13.800
3379,13.900
3380,13.800
3381,13.800
3382,13.800
3383,13.900
3384,13.800
3385,13.900
3386,13.800
3387,19.700
3388,14.000
3389,13.800
3390,13.900
3391,13.900
3392,13.900
3393,13.900
3394,13.800
3395,13.900
3396,13.800
3397,13.900
3398,13.900
3399,13.800
3400,13.800
3401,13.900
3402,13.900
3403,13.900
3404,13.900
3405,13.900
3406,13.900
3407,13.800
3408,13.900
3409,13.900
3410,13.800
3411,13.900
3412,13.900
3413,13.900
3414,13.900
3415,13.900
3416,13.800
3417,13.900
3418,13.900
3419,13.900
3420,13.800
3421,13.800
3422,13.900
3423,13.900
3424,13.900
3425,13.800
3426,13.900
3427,13.800
3428,13.900
3429,13.800
3430,13.900
3431,13.900
3432,13.800
3433,13.900
3434,13.900
3435,13.900
3436,13.800
3437,13.900
3438,13.800
3439,13.900
3440,13.800
3441,13.900
3442,13.900
3443,13.900
3444,13.900
3445,13.900
3446,13.900
3447,13.900
3448,13.900
3449,13.800
3450,13.900
3451,13.900
3452,13.900
3453,13.900
3454,13.900
3455,13.900
3456,13.900
3457,13.800
3458,13.900
3459,13.900
3460,13.900
3461,13.800
3462,21.200
3463,14.400
3464,13.800
3465,13.900
3466,13.800
3467,13.800
3468,23.900
3469,13.800
3470,13.800
3471,13.800
3472,13.800
3473,13.800
3474,13.800
3475,13.800
3476,13.800
3477,13.800
3478,13.800
3479,13.800
3480,13.800
3481,13.800
3482,13.800
3483,13.800
3484,13.800
3485,13.700
3486,13.800
3487,13.800
3488,13.800
3489,13.800
3490,13.800
3491,13.800
3492,13.800
3493,13.800
3494,13.800
3495,13.800
3496,13.800
3497,13.800
3498,13.800
3499,13.800
3500,16.600
3501,5.900
3502,5.900
3503,5.900
3504,5.900
3505,5.900
3506,5.900
3507,5.800
3508,5.900
3509,5.900
3510,5.900
3511,5.900
3512,5.800
3513,5.900
3514,5.900
3515,7.500
3516,5.900
3517,5.800
3518,6.000
3519,5.900
3520,5.800
3521,5.900
3522,5.900
3523,5.800
3524,5.900
3525,5.900
3526,5.900
3527,5.900
3528,5.800
3529,5.900
3530,5.900
3531,5.900
3532,6.000
3533,6.000
3534,5.800
3535,5.900
3536,5.900
3537,5.800
3538,5.900
3539,6.000
3540,5.800
3541,5.900
3542,5.800
3543,5.900
3544,5.800
3545,5.900
3546,5.900
3547,5.800
3548,5.900
3549,5.900
3550,5.800
3551,5.900
3552,5.800
3553,5.900
3554,5.900
3555,5.900
3556,5.900
3557,5.800
3558,5.900
3559,5.800
3560,5.900
3561,6.900
3562,5.800
3563,5.900
3564,5.800
3565,5.900
3566,5.900
3567,5.800
3568,5.900
3569,5.900
3570,5.800
3571,5.900
3572,5.800
3573,5.900
3574,5.900
3575,5.900
3576,5.800
3577,5.900
3578,5.800
3579,5.800
3580,5.900
3581,5.800
3582,5.900
3583,5.900
3584,5.800
3585,5.900
3586,5.800
3587,5.900
3588,5.800
3589,5.900
3590,6.200
3591,5.900
3592,6.100
3593,6.200
3594,6.000
3595,6.000
3596,5.900
3597,6.100
3598,5.900
3599,5.900
3600,5.800
3601,5.800
3602,5.900
3603,5.900
3604,5.900
3605,5.800
3606,5.800
3607,5.900
3608,5.800
3609,5.900
3610,5.900
3611,5.900
3612,5.800
3613,5.900
3614,5.800
3615,5.800
3616,5.900
3617,5.900
3618,5.800
3619,5.900
3620,5.900
3621,5.800
3622,5.900
3623,5.800
3624,5.900
3625,5.900
3626,5.800
3627,5.900
3628,5.800
3629,5.900
3630,5.800
3631,5.900
3632,5.900
3633,5.800
3634,6.000
3635,5.800
3636,5.900
3637,5.900
3638,5.800
3639,5.900
3640,5.900
3641,5.900
3642,5.900
3643,25.100
3644,5.900
3645,5.900
3646,5.900
3647,5.900
3648,5.800
3649,5.900
3650,5.900
3651,6.000
3652,5.900
3653,6.000
3654,5.800
3655,6.000
3656,5.900
3657,5.900
3658,6.000
3659,6.000
3660,5.900
3661,5.900
3662,5.900
3663,5.900
3664,5.900
3665,5.900
3666,5.900
3667,5.900
3668,5.900
3669,5.900
3670,5.800
3671,6.000
3672,5.900
3673,5.900
3674,5.900
3675,5.900
3676,5.900
3677,5.900
3678,5.900
3679,5.900
3680,5.900
3681,6.000
3682,5.800
3683,5.900
3684,5.900
3685,5.900
3686,5.900
3687,5.900
3688,5.900
3689,5.900
3690,5.900
3691,5.900
3692,5.900
3693,5.900
3694,5.900
3695,5.900
3696,5.900
3697,5.800
3698,5.900
3699,6.000
3700,5.900
3701,5.900
3702,5.900
3703,5.900
3704,5.900
3705,5.900
3706,5.900
3707,5.900
3708,5.900
3709,5.900
3710,5.900
3711,5.900
3712,5.900
3713,5.900
3714,5.900
3715,5.900
3716,6.200
3717,5.900
3718,6.100
3719,6.100
3720,6.000
3721,6.000
3722,6.000
3723,6.100
3724,5.900
3725,5.900
3726,5.900
3727,5.900
3728,5.900
3729,6.000
3730,5.900
3731,6.000
3732,5.900
3733,160.000
3734,22.100
3735,14.000
3736,13.900
3737,13.900
3738,13.900
3739,14.000
3740,13.900
3741,13.900
3742,14.000
3743,13.900
3744,13.900
3745,13.900
3746,13.900
3747,14.000
3748,13.900
3749,13.900
3750,13.800
3751,191.300
3752,15.900
3753,14.000
3754,13.800
3755,13.900
3756,13.800
3757,13.800
3758,13.800
3759,13.900
3760,13.800
3761,13.800
3762,13.900
3763,13.800
3764,13.800
3765,13.800
3766,13.800
3767,13.900
3768,13.800
3769,127.400
3770,15.300
3771,13.900
3772,13.900
3773,13.800
3774,13.800
3775,14.200
3776,15.400
3777,15.500
3778,13.900
3779,13.900
3780,13.800
3781,13.800
3782,13.800
3783,13.800
3784,13.900
3785,13.800
3786,13.900
3787,14.000
3788,13.800
3789,13.800
3790,13.800
3791,13.800
3792,13.800
3793,13.800
3794,13.800
3795,13.900
3796,13.800
3797,14.200
3798,13.800
3799,13.800
3800,13.900
3801,13.800
3802,153.300
3803,110.100
3804,34.500
3805,31.200
3806,31.100
3807,62.300
3808,31.500
3809,31.000
3810,31.000
3811,31.100
3812,31.200
3813,31.200
3814,31.000
3815,31.100
3816,31.200
3817,31.100
3818,31.100
3819,31.000
3820,31.200
3821,47.700
3822,31.300
3823,31.000
3824,31.200
3825,31.100
3826,31.100
3827,31.100
3828,31.000
3829,31.200
3830,31.200
3831,31.000
3832,58.700
3833,13.500
3834,13.200
3835,13.200
3836,13.300
3837,13.300
3838,13.200
3839,41.500
3840,14.100
3841,15.500
3842,15.400
3843,13.900
3844,14.000
3845,13.900
3846,13.900
3847,13.900
3848,13.900
3849,20.900
3850,14.000
3851,13.900
3852,13.800
3853,13.900
3854,13.800
3855,14.100
3856,13.900
3857,13.800
3858,13.900
3859,13.900
3860,13.800
3861,14.300
3862,13.800
3863,13.800
3864,13.900
3865,13.800
3866,13.900
3867,13.800
3868,13.900
3869,13.800
3870,13.800
3871,13.800
3872,13.900
3873,13.800
3874,13.900
3875,13.800
3876,13.800
3877,13.900
3878,13.900
3879,13.900
3880,13.800
3881,13.800
3882,13.900
3883,13.800
3884,13.900
3885,29.000
3886,21.300
3887,14.000
3888,13.800
3889,13.900
3890,13.800
3891,13.900
3892,13.800
3893,13.900
3894,13.800
3895,13.900
3896,13.800
3897,28.600
3898,14.000
3899,13.900
3900,13.800
3901,13.800
3902,13.800
3903,13.900
3904,13.800
3905,13.800
3906,13.900
3907,13.800
3908,13.900
3909,14.100
3910,13.800
3911,13.800
3912,14.000
3913,13.800
3914,13.900
3915,14.000
3916,13.800
3917,13.800
3918,13.900
3919,13.800
3920,13.800
3921,83.700
3922,22.000
3923,14.600
3924,13.900
3925,33.500
3926,14.700
3927,15.800
3928,14.900
3929,13.800
3930,13.900
3931,13.900
3932,13.800
3933,13.900
3934,13.800
3935,13.900
3936,13.800
3937,13.800
3938,13.900
3939,13.900
3940,13.800
3941,13.800
3942,13.900
3943,13.900
3944,13.800
3945,13.900
3946,13.800
3947,13.900
3948,13.900
3949,13.800
3950,13.800
3951,13.900
3952,13.900
3953,14.200
3954,13.800
3955,13.900
3956,13.900
3957,14.100
3958,13.800
3959,13.900
3960,13.900
3961,13.900
3962,13.800
3963,13.800
3964,13.900
3965,13.900
3966,13.800
3967,13.900
3968,13.900
3969,13.900
3970,13.800
3971,13.900
3972,14.000
3973,54.200
3974,16.700
3975,14.000
3976,13.800
3977,13.800
3978,13.800
3979,13.800
3980,13.800
3981,13.800
3982,13.800
3983,13.800
3984,13.800
3985,13.800
3986,13.800
3987,13.800
3988,13.800
3989,13.800
3990,13.800
3991,13.800
3992,36.200
3993,17.600
3994,15.600
3995,13.800
3996,13.900
3997,13.800
3998,13.800
3999,13.900
4000,58.500
4001,15.500
4002,14.000
4003,13.800
4004,13.800
4005,13.900
4006,13.900
4007,13.800
4008,13.800
4009,13.900
4010,13.800
4011,13.900
4012,13.900
4013,13.800
4014,13.900
4015,13.800
4016,13.800
4017,13.800
4018,13.900
4019,13.800
4020,13.900
4021,13.800
4022,13.900
4023,13.800
4024,13.800
4025,36.500
4026,6.000
4027,5.900
4028,6.000
4029,5.900
4030,5.900
4031,5.900
4032,5.900
4033,5.900
4034,5.800
4035,6.000
4036,5.900
4037,5.900
4038,5.900
4039,5.800
4040,6.000
4041,5.900
4042,6.000
4043,5.900
4044,5.900
4045,5.900
4046,5.900
4047,5.800
4048,5.900
4049,6.000
4050,5.900
4051,5.800
4052,5.900
4053,5.900
4054,5.900
4055,5.800
4056,6.000
4057,5.900
4058,5.900
4059,5.900
4060,5.900
4061,5.800
4062,5.900
4063,5.900
4064,5.900
4065,5.900
4066,5.800
4067,5.900
4068,5.800
4069,5.900
4070,5.900
4071,5.900
4072,5.800
4073,5.900
4074,5.800
4075,5.900
4076,5.800
4077,5.900
4078,5.900
4079,5.900
4080,5.900
4081,5.800
4082,5.900
4083,5.800
4084,5.900
4085,5.900
4086,5.900
4087,5.800
4088,5.900
4089,5.900
4090,5.800
4091,5.900
4092,5.900
4093,5.900
4094,5.800
4095,5.900
4096,5.900
4097,5.800
4098,5.900
4099,5.900
4100,6.100
4101,5.900
4102,6.100
4103,67.500
4104,19.400
4105,14.000
4106,13.800
4107,13.900
4108,13.800
4109,13.900
4110,13.900
4111,13.900
4112,13.800
4113,13.900
4114,14.000
4115,13.900
4116,13.800
4117,41.600
4118,14.500
4119,14.100
4120,13.800
4121,13.900
4122,13.800
4123,13.900
4124,13.800
4125,13.900
4126,13.900
4127,13.800
4128,13.800
4129,13.900
4130,13.800
4131,13.800
4132,86.400
4133,14.700
4134,13.800
4135,13.800
4136,13.800
4137,13.800
4138,13.700
4139,13.800
4140,13.800
4141,13.800
4142,13.800
4143,13.800
4144,13.800
4145,13.800
4146,13.800
4147,13.800
4148,13.800
4149,13.800
4150,13.800
4151,47.200
4152,9.500
4153,18.500
4154,5.900
4155,5.900
4156,5.900
4157,6.000
4158,5.800
4159,5.900
4160,165.200
4161,21.200
4162,13.900
4163,13.800
4164,13.800
4165,14.200
4166,14.000
4167,13.900
4168,13.900
4169,13.800
4170,13.900
4171,13.800
4172,13.800
4173,13.800
4174,14.200
4175,13.900
4176,13.800
4177,13.800
4178,13.800
4179,13.900
4180,13.800
4181,13.800
4182,13.900
4183,13.800
4184,13.900
4185,13.800
4186,13.800
4187,13.800
4188,13.900
4189,13.800
4190,13.800
4191,13.900
4192,13.800
4193,13.900
4194,13.800
4195,13.800
4196,13.900
4197,13.900
4198,13.800
4199,13.800
4200,13.900
4201,13.800
4202,13.800
4203,13.900
4204,13.800
4205,14.100
4206,13.900
4207,13.800
4208,13.800
4209,14.200
4210,13.800
4211,13.800
4212,13.800
4213,13.900
4214,13.800
4215,13.800
4216,51.800
4217,14.100
4218,13.900
4219,13.800
4220,13.800
4221,13.800
4222,14.200
4223,15.700
4224,15.200
4225,42.700
4226,16.400
4227,14.000
4228,14.000
4229,13.800
4230,13.900
4231,13.800
4232,13.800
4233,13.800
4234,13.800
4235,13.800
4236,13.800
4237,13.800
4238,13.800
4239,13.900
4240,13.800
4241,13.800
4242,13.800
4243,13.800
4244,13.800
4245,14.000
4246,13.700
4247,13.900
4248,13.800
4249,13.800
4250,13.800
4251,13.800
4252,13.800
4253,13.800
4254,13.900
4255,13.800
4256,13.800
4257,13.800
4258,13.800
4259,13.800
4260,13.800
4261,13.800
4262,13.800
4263,13.800
4264,13.900
4265,13.800
4266,13.800
4267,13.800
4268,13.800
4269,13.900
4270,13.800
4271,13.800
4272,13.800
4273,13.800
4274,13.800
4275,13.900
4276,13.800
4277,13.800
4278,13.800
4279,29.300
4280,13.800
4281,13.800
4282,13.800
4283,13.800
4284,13.900
4285,13.800
4286,13.800
4287,13.800
4288,13.800
4289,13.800
4290,13.800
4291,13.800
4292,14.100
4293,13.800
4294,13.900
4295,13.800
4296,13.900
4297,13.900
4298,13.800
4299,13.800
4300,13.800
4301,13.800
4302,13.800
4303,13.800
4304,13.800
4305,13.800
4306,13.800
4307,13.800
4308,13.800
4309,13.900
4310,13.800
4311,13.800
4312,13.800
4313,13.800
4314,13.800
4315,31.700
4316,14.500
4317,14.300
4318,14.300
4319,14.000
4320,13.800
4321,13.800
4322,13.900
4323,13.800
4324,13.800
4325,13.900
4326,13.800
4327,13.900
4328,13.800
4329,13.800
4330,13.800
4331,13.900
4332,13.800
4333,13.800
4334,13.900
4335,13.800
4336,13.800
4337,13.800
4338,13.800
4339,13.800
4340,13.900
4341,13.800
4342,13.800
4343,13.800
4344,13.800
4345,13.900
4346,13.800
4347,13.900
4348,13.800
4349,13.800
4350,13.800
4351,13.900
4352,13.800
4353,13.800
4354,13.900
4355,13.800
4356,13.900
4357,13.800
4358,13.800
4359,13.900
4360,13.800
4361,13.800
4362,14.100
4363,13.800
4364,13.900
4365,13.800
4366,13.800
4367,13.800
4368,13.900
4369,13.800
4370,13.900
4371,13.800
4372,13.800
4373,13.800
4374,13.900
4375,13.800
4376,13.900
4377,13.800
4378,13.900
4379,13.800
4380,13.800
4381,14.000
4382,13.900
4383,13.800
4384,13.900
4385,13.800
4386,13.900
4387,13.800
4388,13.900
4389,56.600
4390,16.300
4391,13.900
4392,13.900
4393,13.800
4394,56.900
4395,14.200
4396,13.800
4397,13.900
4398,13.800
4399,13.800
4400,13.900
4401,13.800
4402,13.900
4403,38.800
4404,17.400
4405,13.900
4406,13.900
4407,24.100
4408,13.900
4409,13.900
4410,13.900
4411,13.900
4412,13.900
4413,39.400
4414,22.200
4415,14.300
4416,13.900
4417,13.700
4418,13.800
4419,13.900
4420,13.800
4421,13.800
4422,14.000
4423,13.800
4424,13.900
4425,13.900
4426,13.900
4427,13.800
4428,13.800
4429,13.900
4430,13.800
4431,13.800
4432,13.900
4433,13.900
4434,13.800
4435,13.800
4436,13.800
4437,13.900
4438,13.900
4439,13.800
4440,13.800
4441,14.400
4442,13.800
4443,102.800
4444,19.500
4445,14.100
4446,13.900
4447,14.000
4448,13.900
4449,13.900
4450,13.900
4451,14.000
4452,13.900
4453,14.000
4454,14.000
4455,13.900
4456,13.900
4457,14.000
4458,13.900
4459,13.900
4460,36.100
4461,15.300
4462,13.900
4463,13.800
4464,13.800
4465,13.900
4466,13.800
4467,13.900
4468,13.800
4469,13.800
4470,13.800
4471,13.800
4472,13.800
4473,13.800
4474,13.900
4475,13.800
4476,13.800
4477,13.900
4478,13.800
4479,13.800
4480,13.800
4481,13.900
4482,13.800
4483,13.800
4484,13.900
4485,13.900
4486,14.100
4487,15.500
4488,14.100
4489,51.400
4490,14.700
4491,13.800
4492,13.800
4493,13.800
4494,13.900
4495,13.800
4496,13.800
4497,13.900
4498,13.800
4499,13.800
4500,13.800
4501,13.900
4502,13.800
4503,21.800
4504,14.000
4505,14.000
4506,13.900
4507,13.800
4508,13.900
4509,13.800
4510,13.800
4511,13.800
4512,13.800
4513,13.800
4514,13.800
4515,13.800
4516,13.800
4517,13.800
4518,13.800
4519,13.800
4520,13.900
4521,13.800
4522,13.800
4523,13.800
4524,13.800
4525,13.900
4526,13.900
4527,13.800
4528,13.800
4529,13.800
4530,13.800
4531,13.800
4532,13.800
4533,13.900
4534,13.800
4535,31.700
4536,13.800
4537,13.900
4538,50.600
4539,21.700
4540,13.900
4541,13.800
4542,13.900
4543,13.900
4544,13.900
4545,16.400
4546,13.900
4547,13.800
4548,13.900
4549,13.900
4550,15.100
4551,15.800
4552,15.100
4553,14.000
4554,13.800
4555,13.900
4556,13.900
4557,13.900
4558,13.900
4559,13.800
4560,13.900
4561,13.900
4562,13.900
4563,13.900
4564,13.900
4565,13.900
4566,13.900
4567,13.800
4568,13.900
4569,13.900
4570,13.900
4571,13.900
4572,13.800
4573,13.900
4574,32.200
4575,100.500
4576,15.100
4577,13.800
4578,13.800
4579,13.800
4580,13.800
4581,13.800
4582,13.800
4583,13.800
4584,13.800
4585,13.800
4586,13.800
4587,13.800
4588,13.800
4589,13.700
4590,13.800
4591,13.800
4592,13.800
4593,13.900
4594,13.800
4595,13.800
4596,13.800
4597,13.900
4598,13.800
4599,13.800
4600,13.800
4601,13.800
4602,13.900
4603,13.800
4604,13.900
4605,13.800
4606,13.800
4607,30.500
4608,14.100
4609,13.900
4610,13.900
4611,22.000
4612,14.000
4613,13.900
4614,13.800
4615,13.800
4616,13.800
4617,13.900
4618,13.800
4619,13.800
4620,13.800
4621,13.800
4622,13.900
4623,13.800
4624,13.800
4625,13.800
4626,13.800
4627,13.900
4628,13.800
4629,13.800
4630,13.800
4631,13.900
4632,13.800
4633,13.800
4634,13.800
4635,13.900
4636,13.800
4637,13.800
4638,13.800
4639,13.900
4640,13.800
4641,13.800
4642,13.800
4643,13.900
4644,13.800
4645,13.800
4646,13.900
4647,26.200
4648,25.300
4649,6.000
4650,6.000
4651,5.800
4652,5.900
4653,5.900
4654,6.000
4655,5.900
4656,5.900
4657,5.900
4658,5.900
4659,5.900
4660,5.900
4661,6.000
4662,6.000
4663,15.100
4664,5.900
4665,5.900
4666,5.900
4667,5.900
4668,5.900
4669,6.000
4670,5.900
4671,5.900
4672,5.800
4673,5.900
4674,5.900
4675,5.900
4676,6.000
4677,6.000
4678,16.600
4679,14.200
4680,13.900
4681,13.900
4682,13.900
4683,13.900
4684,13.900
4685,13.900
4686,13.900
4687,13.900
4688,13.900
4689,13.900
4690,13.900
4691,13.900
4692,13.900
4693,13.800
4694,13.900
4695,13.900
4696,13.900
4697,13.900
4698,13.900
4699,13.900
4700,13.900
4701,13.900
4702,13.900
4703,13.900
4704,13.900
4705,13.900
4706,14.000
4707,13.900
4708,13.900
4709,14.000
4710,13.800
4711,13.900
4712,13.900
4713,13.900
4714,78.300
4715,14.700
4716,13.900
4717,49.700
4718,20.700
4719,13.900
4720,13.900
4721,13.900
4722,13.800
4723,13.900
4724,13.800
4725,14.000
4726,13.900
4727,13.800
4728,14.000
4729,13.900
4730,13.900
4731,13.800
4732,170.700
4733,16.400
4734,13.900
4735,13.900
4736,13.900
4737,13.800
4738,13.900
4739,13.900
4740,13.900
4741,14.100
4742,13.800
4743,13.900
4744,13.900
4745,13.900
4746,13.800
4747,13.900
4748,13.800
4749,13.800
4750,13.900
4751,13.800
4752,13.800
4753,13.800
4754,13.800
4755,14.200
4756,13.800
4757,13.800
4758,13.900
4759,13.800
4760,13.900
4761,13.800
4762,13.800
4763,13.800
4764,13.900
4765,34.200
4766,14.100
4767,13.800
4768,13.800
4769,13.800
4770,13.900
4771,13.900
4772,13.800
4773,13.800
4774,13.800
4775,13.900
4776,13.800
4777,13.800
4778,13.800
4779,13.900
4780,13.800
4781,13.800
4782,13.800
4783,13.800
4784,13.800
4785,13.800
4786,13.800
4787,13.900
4788,13.800
4789,352.900
4790,15.500
4791,14.000
4792,13.800
4793,13.800
4794,13.900
4795,13.800
4796,13.800
4797,14.000
4798,13.900
4799,14.200
4800,13.800
4801,13.900
4802,13.800
4803,13.800
4804,13.900
4805,14.000
4806,14.000
4807,14.000
4808,13.800
4809,14.000
4810,13.900
4811,13.800
4812,13.900
4813,13.900
4814,13.800
4815,13.900
4816,13.800
4817,13.800
4818,13.900
4819,13.900
4820,13.800
4821,13.900
4822,13.800
4823,13.900
4824,13.900
4825,13.800
4826,13.800
4827,13.900
4828,13.900
4829,13.800
4830,13.800
4831,13.900
4832,13.800
4833,13.800
4834,13.900
4835,13.800
4836,13.900
4837,13.800
4838,13.800
4839,13.800
4840,13.900
4841,13.800
4842,13.900
4843,13.800
4844,13.800
4845,13.900
4846,13.800
4847,13.800
4848,13.900
4849,13.900
4850,13.800
4851,13.800
4852,13.800
4853,13.900
4854,64.400
4855,16.500
4856,14.100
4857,14.000
4858,13.800
4859,13.900
4860,13.800
4861,13.800
4862,13.800
4863,13.900
4864,14.200
4865,15.500
4866,15.500
4867,212.800
4868,14.200
4869,13.800
4870,13.800
4871,13.900
4872,13.900
4873,13.900
4874,13.800
4875,13.900
4876,13.800
4877,57.000
4878,17.900
4879,13.900
4880,14.300
4881,13.800
4882,13.900
4883,60.600
4884,14.000
4885,14.200
4886,13.800
4887,13.800
4888,13.800
4889,13.800
4890,13.800
4891,13.800
4892,13.800
4893,13.900
4894,13.800
4895,13.800
4896,13.800
4897,13.900
4898,13.800
4899,14.200
4900,13.900
4901,13.800
4902,13.800
4903,13.800
4904,13.800
4905,13.800
4906,13.900
4907,13.800
4908,13.800
4909,13.700
4910,13.800
4911,13.800
4912,13.800
4913,13.800
4914,80.300
4915,9.500
4916,6.100
4917,22.000
4918,5.800
4919,5.800
4920,5.900
4921,5.900
4922,5.800
4923,5.800
4924,5.900
4925,5.800
4926,5.800
4927,5.900
4928,5.800
4929,5.900
4930,5.800
4931,5.800
4932,5.900
4933,6.200
4934,5.900
4935,5.900
4936,5.900
4937,5.900
4938,5.800
4939,5.800
4940,5.800
4941,5.900
4942,5.900
4943,5.800
4944,5.800
4945,5.900
4946,5.800
4947,5.800
4948,5.900
4949,5.900
4950,5.800
4951,5.900
4952,5.800
4953,5.800
4954,5.800
4955,5.900
4956,5.900
4957,5.900
4958,5.800
4959,5.800
4960,5.800
4961,5.900
4962,5.800
4963,5.900
4964,5.900
4965,5.800
4966,5.900
4967,49.200
4968,14.600
4969,13.800
4970,13.800
4971,13.800
4972,13.900
4973,13.800
4974,13.800
4975,13.800
4976,13.900
4977,13.800
4978,13.800
4979,13.900
4980,13.800
4981,13.900
4982,13.800
4983,13.800
4984,13.900
4985,13.900
4986,13.800
4987,13.900
4988,13.900
4989,13.800
4990,13.800
4991,13.900
4992,14.000
4993,13.800
4994,13.900
4995,13.900
4996,13.900
4997,76.200
4998,14.200
4999,13.800
5000,13.800
5001,37.200
5002,14.400
5003,14.200
5004,13.900
5005,13.900
5006,13.900
5007,13.800
5008,22.800
5009,14.300
5010,13.900
5011,13.900
5012,13.800
5013,13.900
5014,14.400
5015,15.800
5016,14.600
5017,13.900
5018,13.800
5019,13.800
5020,13.900
5021,13.800
5022,13.900
5023,13.800
5024,13.800
5025,13.900
5026,13.800
5027,13.800
5028,13.900
5029,13.800
5030,13.900
5031,13.800
5032,13.800
5033,13.900
5034,13.800
5035,13.900
5036,13.800
5037,13.900
5038,13.800
5039,13.800
5040,13.900
5041,13.800
5042,13.900
5043,13.800
5044,13.800
5045,21.000
5046,13.800
5047,13.800
5048,13.900
5049,13.800
5050,13.800
5051,13.800
5052,13.800
5053,13.800
5054,13.900
5055,13.800
5056,13.800
5057,13.800
5058,13.800
5059,13.800
5060,13.900
5061,13.800
5062,13.800
5063,13.900
5064,13.800
5065,13.800
5066,13.900
5067,13.800
5068,13.800
5069,13.800
5070,13.800
5071,13.800
5072,13.800
5073,13.800
5074,13.800
5075,14.100
5076,15.500
5077,15.500
5078,13.900
5079,13.800
5080,13.800
5081,13.800
5082,13.900
5083,13.800
5084,13.800
5085,13.800
5086,13.800
5087,13.800
5088,13.800
5089,13.900
5090,13.800
5091,13.800
5092,13.800
5093,13.800
5094,13.800
5095,13.800
5096,13.800
5097,13.800
5098,13.800
5099,13.800
5100,13.900
5101,13.800
5102,13.900
5103,13.800
5104,13.800
5105,13.800
5106,13.900
5107,13.800
5108,13.800
5109,13.800
5110,13.900
5111,13.800
5112,13.800
5113,13.800
5114,13.900
5115,13.800
5116,13.800
5117,13.800
5118,13.800
5119,13.900
5120,13.800
5121,13.800
5122,13.900
5123,13.900
5124,13.800
5125,13.800
5126,13.900
5127,13.800
5128,13.800
5129,16.900
5130,13.800
5131,13.800
5132,13.800
5133,13.800
5134,13.800
5135,13.800
5136,13.900
5137,13.800
5138,13.800
5139,13.800
5140,13.800
5141,13.800
5142,13.800
5143,13.800
5144,13.800
5145,13.800
5146,13.800
5147,13.800
5148,13.800
5149,13.900
5150,13.800
5151,22.600
5152,14.000
5153,13.800
5154,13.800
5155,13.800
5156,13.900
5157,13.800
5158,13.800
5159,13.800
5160,13.900
5161,13.800
5162,13.800
5163,13.800
5164,13.800
5165,13.900
5166,13.800
5167,13.800
5168,13.800
5169,13.800
5170,13.800
5171,13.800
5172,14.000
5173,16.500
5174,13.900
5175,13.900
5176,13.900
5177,14.000
5178,13.900
5179,13.900
5180,13.900
5181,36.500
5182,6.000
5183,5.900
5184,5.900
5185,5.800
5186,5.900
5187,5.900
5188,5.900
5189,5.900
5190,5.900
5191,5.900
5192,5.800
5193,5.900
5194,5.800
5195,5.800
5196,5.900
5197,5.900
5198,5.800
5199,5.800
5200,5.900
5201,5.900
5202,5.800
5203,5.900
5204,5.800
5205,5.900
5206,5.900
5207,5.800
5208,5.900
5209,5.800
5210,5.900
5211,5.900
5212,5.800
5213,5.900
5214,5.800
5215,5.900
5216,5.800
5217,5.900
5218,5.800
5219,5.900
5220,5.900
5221,5.800
5222,5.800
5223,5.900
5224,5.900
5225,5.900
5226,5.900
5227,5.900
5228,5.800
5229,5.900
5230,5.800
5231,5.900
5232,5.800
5233,5.900
5234,5.900
5235,5.800
5236,5.900
5237,5.800
5238,5.900
5239,5.900
5240,5.800
5241,5.800
5242,6.000
5243,5.800
5244,5.800
5245,5.900
5246,6.100
5247,5.900
5248,6.100
5249,6.100
5250,6.000
5251,5.900
5252,6.000
5253,6.000
5254,5.900
5255,5.900
5256,5.800
5257,5.900
5258,5.800
5259,5.900
5260,5.800
5261,5.900
5262,5.800
5263,5.900
5264,6.200
5265,5.800
5266,6.200
5267,7.200
5268,6.000
5269,7.300
5270,6.000
5271,5.800
5272,5.800
5273,5.900
5274,5.900
5275,5.800
5276,5.900
5277,5.800
5278,5.900
5279,5.900
5280,5.800
5281,5.900
5282,5.800
5283,5.900
5284,5.900
5285,5.800
5286,5.800
5287,5.900
5288,5.800
5289,5.900
5290,5.900
5291,5.800
5292,5.800
5293,5.900
5294,5.900
5295,5.900
5296,5.900
5297,5.800
5298,5.900
5299,7.200
5300,5.800
5301,5.900
5302,5.800
5303,5.900
5304,5.900
5305,5.900
5306,5.800
5307,5.900
5308,5.800
5309,5.800
5310,5.900
5311,5.900
5312,5.900
5313,5.800
5314,5.900
5315,5.800
5316,5.900
5317,6.000
5318,5.800
5319,5.900
5320,5.800
5321,5.900
5322,5.800
5323,5.900
5324,5.900
5325,5.900
5326,5.800
5327,5.900
5328,5.800
5329,5.800
5330,5.800
5331,5.900
5332,5.900
5333,5.800
5334,5.900
5335,5.900
5336,5.800
5337,5.800
5338,5.900
5339,5.900
5340,5.800
5341,5.900
5342,5.800
5343,5.800
5344,5.900
5345,5.900
5346,5.800
5347,5.900
5348,5.800
5349,5.800
5350,5.800
5351,5.900
5352,5.900
5353,5.800
5354,5.800
5355,5.900
5356,5.900
5357,5.800
5358,5.800
5359,5.900
5360,5.900
5361,5.900
5362,5.800
5363,5.900
5364,5.800
5365,5.800
5366,5.900
5367,5.900
5368,5.800
5369,5.900
5370,5.900
5371,5.800
5372,5.800
5373,5.900
5374,6.100
5375,5.900
5376,6.200
5377,6.100
5378,6.000
5379,6.000
5380,5.900
5381,6.100
5382,5.900
5383,5.900
5384,5.800
5385,5.900
5386,5.800
5387,5.800
5388,6.000
5389,5.800
5390,5.900
5391,5.800
5392,5.900
5393,5.800
5394,5.800
5395,5.900
5396,5.900
5397,5.900
5398,5.800
5399,5.900
5400,5.800
5401,5.800
5402,5.900
5403,5.900
5404,5.800
5405,5.900
5406,5.800
5407,5.900
5408,5.800
5409,5.900
5410,5.900
5411,5.900
5412,5.800
5413,5.800
5414,5.900
5415,5.800
5416,5.900
5417,5.800
5418,5.900
5419,5.800
5420,5.800
5421,5.900
5422,5.800
5423,5.900
5424,5.900
5425,5.800
5426,5.800
5427,7.300
5428,5.900
5429,5.800
5430,5.800
5431,5.900
5432,5.900
5433,5.800
5434,5.900
5435,6.100
5436,5.900
5437,6.800
5438,6.600
5439,6.500
5440,6.900
5441,5.800
5442,5.900
5443,5.800
5444,19.000
5445,14.000
5446,13.700
5447,13.800
5448,13.900
5449,13.800
5450,13.800
5451,13.900
5452,13.900
5453,14.000
5454,13.800
5455,13.800
5456,13.900
5457,13.900
5458,13.800
5459,13.900
5460,13.800
5461,14.000
5462,13.800
5463,13.900
5464,13.800
5465,13.800
5466,13.800
5467,13.800
5468,13.800
5469,13.900
5470,13.800
5471,13.800
5472,13.800
5473,13.700
5474,13.900
5475,13.800
5476,13.800
5477,13.800
5478,13.800
5479,13.800
5480,13.800
5481,13.900
5482,13.900
5483,13.800
5484,13.800
5485,13.800
5486,13.800
5487,13.800
5488,13.800
5489,13.800
5490,13.800
5491,13.800
5492,13.800
5493,13.800
5494,13.800
5495,13.900
5496,13.800
5497,13.800
5498,13.800
5499,13.900
5500,13.800
5501,13.800
5502,13.900
5503,13.800
5504,13.900
5505,13.900
5506,13.800
5507,13.800
5508,13.800
5509,14.300
5510,13.800
5511,13.800
5512,13.900
5513,13.800
5514,13.800
5515,13.800
5516,13.800
5517,13.800
5518,13.800
5519,13.800
5520,13.900
5521,13.800
5522,13.800
5523,13.800
5524,13.900
5525,13.800
5526,13.800
5527,13.800
5528,13.900
5529,13.900
5530,13.800
5531,13.800
5532,13.800
5533,13.800
5534,13.800
5535,13.800
5536,13.800
5537,13.900
5538,13.800
5539,13.800
5540,13.800
5541,13.900
5542,13.800
5543,13.800
5544,13.800
5545,13.900
5546,13.800
5547,13.800
5548,13.800
5549,13.800
5550,13.900
5551,13.800
5552,13.800
5553,13.800
5554,13.900
5555,15.600
5556,13.800
5557,13.800
5558,13.800
5559,13.800
5560,13.800
5561,13.800
5562,13.800
5563,13.800
5564,13.800
5565,13.800
5566,13.800
5567,13.800
5568,13.800
5569,13.800
5570,13.900
5571,13.900
5572,13.900
5573,13.900
5574,13.800
5575,13.800
5576,13.800
5577,13.800
5578,13.800
5579,13.800
5580,13.800
5581,13.800
5582,13.800
5583,13.800
5584,14.100
5585,13.800
5586,13.800
5587,13.800
5588,20.400
5589,14.000
5590,13.800
5591,13.800
5592,13.800
5593,13.900
5594,13.800
5595,13.800
5596,13.800
5597,13.800
5598,13.800
5599,13.800
5600,13.900
5601,13.800
5602,13.800
5603,13.800
5604,13.800
5605,13.800
5606,13.800
5607,13.800
5608,13.800
5609,13.800
5610,13.800
5611,13.800
5612,13.800
5613,13.800
5614,13.800
5615,13.800
5616,13.800
5617,13.800
5618,44.100
5619,14.600
5620,13.800
5621,13.800
5622,13.800
5623,13.800
5624,13.900
5625,13.800
5626,13.800
5627,13.800
5628,13.800
5629,13.800
5630,13.900
5631,13.800
5632,13.900
5633,13.800
5634,13.800
5635,13.800
5636,13.900
5637,13.800
5638,13.900
5639,13.800
5640,13.800
5641,13.900
5642,13.800
5643,13.800
5644,13.900
5645,13.800
5646,13.900
5647,13.800
5648,13.800
5649,13.800
5650,13.900
5651,13.800
5652,13.800
5653,13.800
5654,14.200
5655,13.800
5656,13.900
5657,13.800
5658,13.800
5659,13.900
5660,13.800
5661,13.800
5662,13.900
5663,13.800
5664,13.900
5665,13.800
5666,13.800
5667,13.800
5668,13.800
5669,13.800
5670,13.900
5671,13.800
5672,13.900
5673,13.800
5674,13.800
5675,13.800
5676,13.800
5677,13.800
5678,13.800
5679,13.900
5680,13.800
5681,13.900
5682,13.800
5683,17.300
5684,14.000
5685,13.800
5686,13.800
5687,13.800
5688,13.900
5689,13.800
5690,13.800
5691,13.800
5692,13.900
5693,13.800
5694,13.800
5695,13.800
5696,14.000
5697,13.800
5698,13.900
5699,13.900
5700,13.800
5701,13.900
5702,13.800
5703,13.800
5704,13.800
5705,13.800
5706,13.900
5707,13.700
5708,13.900
5709,13.800
5710,13.900
5711,25.200
5712,13.900
5713,13.900
5714,13.800
5715,13.800
5716,13.800
5717,13.900
5718,13.900
5719,13.800
5720,13.800
5721,13.900
5722,13.900
5723,13.800
5724,13.800
5725,13.800
5726,13.900
5727,13.800
5728,13.800
5729,21.400
5730,13.900
5731,13.900
5732,13.800
5733,13.800
5734,13.900
5735,13.800
5736,13.800
5737,13.800
5738,13.900
5739,13.800
5740,13.900
5741,13.800
5742,13.900
5743,13.800
5744,13.800
5745,13.900
5746,13.800
5747,13.800
5748,13.900
5749,13.800
5750,13.900
5751,13.800
5752,13.800
5753,13.900
5754,13.800
5755,13.900
5756,13.900
5757,13.900
5758,13.900
5759,13.900
5760,13.800
5761,13.800
5762,13.800
5763,13.800
5764,13.800
5765,13.800
5766,13.900
5767,13.800
5768,13.800
5769,13.800
5770,13.900
5771,13.800
5772,13.900
5773,13.800
5774,13.900
5775,13.800
5776,13.900
5777,13.900
5778,13.800
5779,13.800
5780,13.900
5781,13.800
5782,13.800
5783,13.900
5784,13.800
5785,13.900
5786,13.800
5787,13.800
5788,13.800
5789,14.400
5790,13.900
5791,13.800
5792,13.800
5793,13.900
5794,13.800
5795,13.800
5796,13.900
5797,13.800
5798,15.600
5799,15.500
5800,13.800
5801,13.900
5802,13.800
5803,13.800
5804,13.900
5805,13.900
5806,13.800
5807,13.800
5808,13.900
5809,15.600
5810,13.800
5811,13.800
5812,13.800
5813,13.800
5814,13.800
5815,13.800
5816,13.800
5817,13.800
5818,13.900
5819,13.800
5820,13.800
5821,13.800
5822,13.800
5823,13.800
5824,13.900
5825,13.800
5826,13.900
5827,13.800
5828,13.800
5829,13.800
5830,13.800
5831,13.800
5832,13.800
5833,13.800
5834,13.800
5835,13.800
5836,13.800
5837,13.800
5838,13.800
5839,13.800
5840,13.800
5841,13.800
5842,13.800
5843,13.800
5844,13.800
5845,14.100
5846,13.700
5847,13.900
5848,13.800
5849,13.800
5850,13.800
5851,13.800
5852,13.800
5853,14.100
5854,14.300
5855,13.800
5856,13.800
5857,13.800
5858,13.800
5859,13.800
5860,13.800
5861,13.800
5862,13.800
5863,13.800
5864,13.900
5865,13.800
5866,13.800
5867,13.800
5868,13.800
5869,13.800
5870,13.700
5871,13.900
5872,13.700
5873,20.000
5874,14.400
5875,13.800
5876,13.800
5877,13.800
5878,13.800
5879,13.800
5880,13.800
5881,13.800
5882,13.800
5883,13.800
5884,13.900
5885,13.800
5886,13.900
5887,13.900
5888,13.800
5889,13.800
5890,13.800
5891,13.800
5892,13.800
5893,13.900
5894,13.700
5895,13.900
5896,13.800
5897,13.800
5898,13.800
5899,13.800
5900,13.800
5901,13.800
5902,22.900
5903,14.000
5904,13.800
5905,14.000
5906,13.900
5907,13.900
5908,13.900
5909,13.900
5910,13.900
5911,13.900
5912,13.900
5913,13.900
5914,13.800
5915,13.900
5916,13.900
5917,13.900
5918,13.900
5919,13.900
5920,13.900
5921,13.900
5922,13.900
5923,13.900
5924,13.900
5925,13.900
5926,13.900
5927,13.900
5928,13.900
5929,13.900
5930,13.900
5931,13.900
5932,13.900
5933,13.900
5934,13.900
5935,13.900
5936,13.800
5937,15.600
5938,14.300
5939,15.600
5940,15.500
5941,13.900
5942,13.900
5943,13.900
5944,13.900
5945,13.900
5946,13.900
5947,13.900
5948,13.900
5949,13.900
5950,13.900
5951,13.900
5952,14.000
5953,13.900
5954,14.000
5955,14.000
5956,13.900
5957,13.900
5958,13.900
5959,13.900
5960,13.800
5961,13.900
5962,13.900
5963,13.900
5964,13.900
5965,13.900
5966,13.900
5967,13.900
5968,13.900
5969,13.800
5970,13.900
5971,13.900
5972,13.900
5973,13.900
5974,13.900
5975,13.900
5976,13.900
5977,13.900
5978,13.900
5979,13.900
5980,13.900
5981,13.900
5982,13.900
5983,13.900
5984,14.000
5985,13.900
5986,13.900
5987,13.900
5988,13.800
5989,13.900
5990,13.900
5991,13.900
5992,13.800
5993,13.900
5994,13.900
5995,13.800
5996,13.900
5997,13.900
5998,13.900
5999,13.800
6000,13.900
6001,13.900
6002,13.800
6003,13.900
6004,13.900
6005,13.900
6006,13.900
6007,13.800
6008,13.900
6009,14.200
6010,14.100
6011,15.700
6012,15.200
6013,13.900
6014,13.900
6015,20.800
6016,13.900
6017,13.800
6018,13.800
6019,13.800
6020,13.900
6021,13.800
6022,13.900
6023,13.800
6024,13.800
6025,13.800
6026,13.800
6027,13.900
6028,13.800
6029,13.800
6030,13.800
6031,13.800
6032,13.800
6033,13.800
6034,13.800
6035,13.900
6036,13.800
6037,13.800
6038,13.800
6039,13.800
6040,13.800
6041,13.800
6042,13.900
6043,13.800
6044,13.800
6045,13.800
6046,13.800
6047,13.800
6048,13.800
6049,13.800
6050,13.900
6051,13.800
6052,13.800
6053,13.800
6054,13.800
6055,13.800
6056,13.800
6057,13.800
6058,13.800
6059,13.900
6060,13.800
6061,13.800
6062,13.800
6063,13.800
6064,13.800
6065,15.200
6066,13.800
6067,13.900
6068,13.800
6069,13.800
6070,13.900
6071,13.800
6072,13.800
6073,13.800
6074,13.900
6075,13.800
6076,13.800
6077,13.800
6078,13.800
6079,13.900
6080,13.800
6081,13.900
6082,13.900
6083,13.900
6084,13.800
6085,13.800
6086,13.900
6087,13.800
6088,13.800
6089,13.800
6090,94.700
6091,14.800
6092,13.900
6093,13.900
6094,13.900
6095,13.900
6096,172.200
6097,167.600
6098,34.600
6099,31.300
6100,31.100
6101,31.100
6102,31.000
6103,31.200
6104,31.000
6105,31.400
6106,31.100
6107,31.200
6108,31.000
6109,31.100
6110,31.000
6111,31.100
6112,31.000
6113,31.100
6114,31.000
6115,31.100
6116,1006.000
6117,78.400
6118,21.800
6119,14.100
6120,13.900
6121,13.800
6122,13.900
6123,13.800
6124,13.900
6125,13.900
6126,13.900
6127,13.800
6128,13.800
6129,13.900
6130,13.900
6131,13.800
6132,13.900
6133,13.800
6134,13.800
6135,13.900
6136,13.800
6137,13.800
6138,13.900
6139,14.200
6140,13.900
6141,13.800
6142,13.900
6143,13.900
6144,13.800
6145,13.800
6146,13.900
6147,13.800
6148,13.800
6149,13.800
6150,13.800
6151,13.800
6152,13.900
6153,13.800
6154,13.800
6155,13.900
6156,13.800
6157,13.800
6158,13.800
6159,13.800
6160,13.900
6161,13.800
6162,13.800
6163,13.800
6164,13.800
6165,14.400
6166,13.800
6167,13.800
6168,13.800
6169,13.800
6170,13.900
6171,13.800
6172,13.800
6173,13.800
6174,13.800
6175,13.800
6176,13.800
6177,13.800
6178,13.900
6179,13.800
6180,13.800
6181,13.800
6182,13.800
6183,13.800
6184,13.900
6185,13.800
6186,13.800
6187,14.100
6188,15.500
6189,15.500
6190,13.800
6191,13.800
6192,14.000
6193,31.800
6194,14.000
6195,13.800
6196,13.900
6197,13.800
6198,13.900
6199,13.900
6200,13.900
6201,14.000
6202,14.000
6203,13.900
6204,13.800
6205,13.900
6206,14.000
6207,13.800
6208,14.000
6209,13.900
6210,13.900
6211,14.000
6212,13.900
6213,13.900
6214,13.800
6215,14.000
6216,13.800
6217,13.900
6218,13.900
6219,14.000
6220,13.800
6221,13.900
6222,13.800
6223,14.000
6224,13.900
6225,13.900
6226,13.800
6227,13.900
6228,13.900
6229,13.900
6230,13.800
6231,13.900
6232,13.800
6233,13.900
6234,13.900
6235,13.800
6236,13.900
6237,33.100
6238,13.900
6239,13.800
6240,13.800
6241,13.800
6242,14.100
6243,15.500
6244,15.500
6245,13.800
6246,13.800
6247,13.800
6248,13.800
6249,13.800
6250,13.800
6251,13.800
6252,13.800
6253,13.900
6254,13.700
6255,13.800
6256,13.900
6257,13.800
6258,13.800
6259,13.800
6260,13.800
6261,13.900
6262,13.800
6263,13.800
6264,13.800
6265,13.900
6266,13.900
6267,13.800
6268,13.900
6269,13.900
6270,13.900
6271,13.800
6272,13.800
6273,13.800
6274,13.800
6275,13.800
6276,13.800
6277,13.800
6278,13.800
6279,13.800
6280,13.800
6281,13.800
6282,13.800
6283,13.800
6284,13.900
6285,13.800
6286,13.800
6287,13.800
6288,13.800
6289,13.800
6290,13.900
6291,13.800
6292,13.800
6293,13.800
6294,13.800
6295,13.800
6296,13.900
6297,13.800
6298,13.800
6299,13.800
6300,13.800
6301,13.900
6302,13.800
6303,13.900
6304,13.800
6305,13.800
6306,13.800
6307,13.900
6308,13.800
6309,13.800
6310,13.800
6311,13.800
6312,13.900
6313,13.800
6314,13.800
6315,13.800
6316,13.800
6317,13.800
6318,13.800
6319,16.200
6320,14.000
6321,13.800
6322,13.800
6323,13.900
6324,13.800
6325,13.900
6326,13.800
6327,13.800
6328,13.800
6329,13.800
6330,13.800
6331,13.800
6332,13.800
6333,13.900
6334,13.900
6335,13.800
6336,13.900
6337,13.900
6338,13.800
6339,13.800
6340,13.800
6341,13.800
6342,13.800
6343,13.800
6344,13.800
6345,13.900
6346,13.800
6347,46.900
6348,14.000
6349,13.900
6350,13.800
6351,13.800
6352,13.800
6353,13.900
6354,13.900
6355,13.800
6356,13.800
6357,13.800
6358,13.800
6359,13.800
6360,13.800
6361,13.800
6362,13.800
6363,13.800
6364,13.800
6365,13.800
6366,13.800
6367,13.900
6368,13.800
6369,13.800
6370,13.800
6371,13.800
6372,13.800
6373,13.800
6374,13.800
6375,13.900
6376,13.800
6377,13.700
6378,21.900
6379,14.000
6380,13.800
6381,13.800
6382,13.900
6383,14.000
6384,14.000
6385,15.600
6386,15.400
6387,13.900
6388,13.800
6389,13.900
6390,13.800
6391,13.800
6392,13.800
6393,13.800
6394,13.900
6395,13.900
6396,14.000
6397,13.900
6398,13.800
6399,13.800
6400,13.800
6401,13.800
6402,13.800
6403,13.800
6404,13.900
6405,13.800
6406,13.800
6407,13.900
6408,13.800
6409,13.900
6410,13.800
6411,13.800
6412,13.900
6413,14.000
6414,13.800
6415,13.800
6416,13.800
6417,13.900
6418,13.800
6419,13.800
6420,13.900
6421,13.800
6422,13.900
6423,13.800
6424,13.800
6425,13.800
6426,13.900
6427,13.800
6428,13.800
6429,13.800
6430,13.800
6431,13.800
6432,13.900
6433,13.800
6434,13.900
6435,13.800
6436,13.800
6437,13.900
6438,13.900
6439,13.800
6440,13.800
6441,13.800
6442,13.900
6443,13.900
6444,13.800
6445,13.800
6446,13.900
6447,15.900
6448,13.800
6449,13.800
6450,13.900
6451,13.900
6452,13.800
6453,13.800
6454,13.800
6455,13.900
6456,14.600
6457,15.700
6458,14.700
6459,13.900
6460,13.900
6461,13.800
6462,13.800
6463,13.900
6464,14.000
6465,13.800
6466,13.800
6467,13.900
6468,13.900
6469,13.800
6470,13.800
6471,13.800
6472,13.900
6473,13.900
6474,13.700
6475,13.900
6476,13.800
6477,13.700
6478,13.900
6479,13.800
6480,13.700
6481,13.800
6482,13.800
6483,13.800
6484,13.800
6485,13.800
6486,13.800
6487,13.800
6488,13.800
6489,13.900
6490,13.800
6491,13.800
6492,13.900
6493,13.800
6494,13.900
6495,13.800
6496,13.800
6497,13.800
6498,13.800
6499,13.800
6500,13.800
6501,13.800
6502,13.800
6503,13.800
6504,13.700
6505,13.800
6506,13.800
6507,13.800
6508,13.900
6509,13.800
6510,13.800
6511,13.800
6512,13.800
6513,13.800
6514,13.800
6515,13.800
6516,13.800
6517,13.800
6518,13.800
6519,13.800
6520,13.800
6521,13.800
6522,24.700
6523,13.800
6524,13.900
6525,13.900
6526,13.800
6527,13.800
6528,13.800
6529,15.700
6530,13.800
6531,13.800
6532,13.800
6533,13.800
6534,13.900
6535,13.800
6536,13.800
6537,13.800
6538,13.800
6539,13.800
6540,13.800
6541,13.800
6542,13.900
6543,13.800
6544,13.800
6545,13.800
6546,13.900
6547,13.800
6548,13.800
6549,13.800
6550,13.800
6551,13.800
6552,13.800
6553,13.800
6554,13.800
6555,13.800
6556,13.800
6557,13.900
6558,13.800
6559,13.800
6560,13.800
6561,13.900
6562,13.800
6563,13.800
6564,13.800
6565,13.800
6566,13.900
6567,13.800
6568,13.800
6569,13.800
6570,13.900
6571,13.800
6572,13.800
6573,13.800
6574,13.900
6575,16.100
6576,13.800
6577,13.800
6578,13.900
6579,13.800
6580,13.800
6581,13.900
6582,13.900
6583,13.900
6584,13.800
6585,13.800
6586,13.900
6587,13.900
6588,13.800
6589,13.800
6590,13.900
6591,13.800
6592,13.900
6593,13.900
6594,13.800
6595,13.900
6596,13.900
6597,13.800
6598,13.800
6599,14.100
6600,15.500
6601,15.500
6602,13.800
6603,13.900
6604,13.800
6605,13.800
6606,13.900
6607,13.800
6608,13.900
6609,13.800
6610,13.800
6611,13.800
6612,13.800
6613,13.800
6614,13.900
6615,13.700
6616,13.800
6617,13.800
6618,13.900
6619,13.800
6620,13.800
6621,13.800
6622,13.800
6623,13.800
6624,13.800
6625,13.800
6626,13.800
6627,13.800
6628,13.800
6629,13.800
6630,13.900
6631,18.700
6632,6.000
6633,5.900
6634,5.900
6635,5.900
6636,5.900
6637,5.900
6638,5.900
6639,5.900
6640,5.900
6641,5.900
6642,5.900
6643,5.900
6644,5.900
6645,5.900
6646,5.900
6647,5.900
6648,5.900
6649,5.900
6650,6.200
6651,6.000
6652,6.200
6653,6.100
6654,6.000
6655,6.000
6656,6.000
6657,6.100
6658,6.100
6659,5.800
6660,5.900
6661,5.900
6662,5.900
6663,5.900
6664,5.900
6665,6.000
6666,6.000
6667,5.900
6668,5.800
6669,5.900
6670,6.000
6671,5.900
6672,6.000
6673,5.900
6674,5.900
6675,5.900
6676,5.800
6677,5.900
6678,5.900
6679,6.000
6680,5.900
6681,5.900
6682,5.900
6683,5.900
6684,5.900
6685,5.900
6686,6.000
6687,5.900
6688,5.900
6689,5.900
6690,5.900
6691,5.900
6692,5.900
6693,5.900
6694,6.000
6695,5.900
6696,5.800
6697,5.900
6698,5.900
6699,5.900
6700,6.000
6701,5.900
6702,5.900
6703,7.200
6704,5.900
6705,5.900
6706,5.900
6707,5.900
6708,6.000
6709,16.000
6710,13.800
6711,13.800
6712,13.800
6713,13.800
6714,13.800
6715,13.800
6716,13.900
6717,13.800
6718,13.900
6719,13.800
6720,13.800
6721,13.800
6722,13.800
6723,13.800
6724,13.800
6725,13.800
6726,13.800
6727,13.700
6728,13.800
6729,13.800
6730,13.800
6731,13.800
6732,13.800
6733,13.800
6734,13.800
6735,13.700
6736,13.800
6737,13.900
6738,13.700
6739,13.800
6740,13.800
6741,13.800
6742,13.800
6743,13.800
6744,13.800
6745,13.800
6746,13.800
6747,13.800
6748,13.800
6749,13.800
6750,13.800
6751,13.800
6752,13.800
6753,13.700
6754,13.800
6755,13.800
6756,13.800
6757,13.900
6758,13.700
6759,13.800
6760,13.800
6761,13.800
6762,13.800
6763,13.800
6764,13.800
6765,13.800
6766,13.800
6767,13.800
6768,13.800
6769,13.800
6770,13.900
6771,13.700
6772,13.800
6773,13.800
6774,13.800
6775,13.800
6776,13.900
6777,13.800
6778,13.900
6779,13.900
6780,13.800
6781,13.800
6782,13.800
6783,13.800
6784,13.800
6785,13.800
6786,13.800
6787,13.800
6788,13.900
6789,13.800
6790,13.800
6791,13.800
6792,13.900
6793,13.800
6794,13.800
6795,13.800
6796,13.900
6797,13.800
6798,13.800
6799,13.800
6800,13.900
6801,13.800
6802,13.800
6803,13.800
6804,13.900
6805,13.800
6806,13.800
6807,13.800
6808,13.900
6809,13.800
6810,13.800
6811,13.800
6812,13.900
6813,13.900
6814,13.800
6815,13.800
6816,13.800
6817,13.900
6818,13.800
6819,13.800
6820,13.900
6821,13.800
6822,13.900
6823,13.800
6824,13.800
6825,13.900
6826,13.900
6827,13.900
6828,13.700
6829,16.200
6830,13.900
6831,13.800
6832,13.800
6833,13.800
6834,13.900
6835,13.800
6836,13.800
6837,13.800
6838,13.800
6839,13.800
6840,13.800
6841,13.800
6842,13.800
6843,13.800
6844,13.900
6845,13.800
6846,13.900
6847,14.000
6848,13.800
6849,13.800
6850,13.800
6851,13.900
6852,13.800
6853,21.100
6854,14.500
6855,13.900
6856,14.000
6857,13.800
6858,13.900
6859,14.200
6860,15.700
6861,15.500
6862,13.900
6863,13.900
6864,14.000
6865,13.900
6866,13.900
6867,13.900
6868,13.900
6869,13.900
6870,13.900
6871,13.900
6872,13.900
6873,13.900
6874,13.900
6875,13.900
6876,13.900
6877,13.900
6878,13.900
6879,13.900
6880,13.900
6881,13.900
6882,13.900
6883,13.900
6884,13.900
6885,13.900
6886,13.900
6887,13.900
6888,13.900
6889,13.900
6890,14.000
6891,13.800
6892,13.900
6893,14.000
6894,13.900
6895,13.900
6896,13.900
6897,13.900
6898,13.900
6899,13.900
6900,13.900
6901,13.900
6902,13.900
6903,13.900
6904,14.000
6905,13.900
6906,14.100
6907,13.900
6908,13.900
6909,13.800
6910,13.800
6911,13.900
6912,13.900
6913,13.900
6914,13.900
6915,14.000
6916,13.900
6917,13.800
6918,13.900
6919,14.000
6920,13.900
6921,13.900
6922,13.900
6923,14.000
6924,13.900
6925,13.900
6926,13.900
6927,13.900
6928,13.900
6929,13.900
6930,13.900
6931,13.900
6932,13.900
6933,13.900
6934,13.900
6935,13.900
6936,14.000
6937,13.900
6938,13.900
6939,13.900
6940,13.900
6941,13.900
6942,13.900
6943,13.900
6944,14.000
6945,13.900
6946,13.900
6947,13.900
6948,13.900
6949,13.900
6950,13.900
6951,13.900
6952,13.900
6953,14.000
6954,13.900
6955,13.900
6956,13.800
6957,16.600
6958,13.900
6959,13.900
6960,13.900
6961,13.900
6962,25.700
6963,13.800
6964,13.800
6965,13.800
6966,13.800
6967,13.800
6968,13.800
6969,13.800
6970,13.800
6971,13.800
6972,13.900
6973,13.800
6974,13.900
6975,13.900
6976,13.800
6977,13.900
6978,13.800
6979,13.800
6980,13.800
6981,13.900
6982,13.800
6983,13.800
6984,13.800
6985,13.900
6986,13.800
6987,13.800
6988,13.800
6989,13.900
6990,13.800
6991,13.800
6992,13.800
6993,13.800
6994,13.900
6995,13.800
6996,21.300
6997,13.900
6998,13.800
6999,14.100
7000,13.800
7001,13.900
7002,15.500
7003,15.600
7004,13.800
7005,13.800
7006,13.900
7007,13.900
7008,13.800
7009,13.800
7010,13.900
7011,13.900
7012,13.800
7013,13.800
7014,13.900
7015,13.900
7016,13.800
7017,13.800
7018,13.900
7019,13.900
7020,13.800
7021,13.800
7022,13.900
7023,13.800
7024,13.900
7025,13.800
7026,13.800
7027,13.900
7028,13.900
7029,13.800
7030,13.800
7031,13.900
7032,14.000
7033,13.800
7034,13.900
7035,13.900
7036,13.900
7037,13.900
7038,13.800
7039,13.800
7040,13.800
7041,13.800
7042,13.800
7043,13.800
7044,13.800
7045,13.900
7046,13.900
7047,13.800
7048,13.800
7049,13.800
7050,13.800
7051,13.800
7052,13.900
7053,13.800
7054,13.900
7055,13.800
7056,13.800
7057,13.900
7058,13.800
7059,13.900
7060,13.700
7061,13.900
7062,13.900
7063,13.800
7064,13.900
7065,13.800
7066,13.800
7067,13.800
7068,13.800
7069,13.800
7070,13.900
7071,13.800
7072,13.800
7073,13.800
7074,13.800
7075,77.800
7076,14.200
7077,13.800
7078,13.700
7079,13.800
7080,13.800
7081,13.800
7082,13.900
7083,13.800
7084,13.800
7085,17.500
7086,13.900
7087,13.800
7088,13.800
7089,13.800
7090,13.800
7091,13.800
7092,13.800
7093,13.800
7094,179.200
7095,39.100
7096,31.700
7097,31.200
7098,31.100
7099,31.200
7100,31.300
7101,31.200
7102,31.300
7103,31.300
7104,31.100
7105,31.200
7106,31.100
7107,31.100
7108,31.200
7109,31.200
7110,31.100
7111,31.200
7112,31.200
7113,31.200
7114,31.100
7115,31.100
7116,31.100
7117,31.100
7118,31.200
7119,31.000
7120,31.200
7121,31.100
7122,31.100
7123,31.100
7124,31.100
7125,83.200
7126,31.900
7127,31.200
7128,31.600
7129,31.300
7130,31.200
7131,31.200
7132,31.300
7133,31.200
7134,31.200
7135,31.200
7136,31.400
7137,31.200
7138,31.200
7139,722.200
7140,51.500
7141,15.200
7142,13.900
7143,13.900
7144,13.800
7145,13.900
7146,13.800
7147,13.900
7148,13.800
7149,14.100
7150,13.800
7151,13.800
7152,13.900
7153,13.800
7154,13.900
7155,13.800
7156,13.800
7157,13.900
7158,13.800
7159,13.900
7160,13.900
7161,30.000
7162,32.100
7163,31.300
7164,31.100
7165,31.100
7166,83.500
7167,37.200
7168,31.500
7169,31.200
7170,31.100
7171,31.100
7172,31.100
7173,31.200
7174,240.600
7175,17.800
7176,14.200
7177,13.900
7178,13.800
7179,13.800
7180,13.800
7181,13.800
7182,13.900
7183,13.800
7184,13.800
7185,13.800
7186,13.800
7187,13.900
7188,13.800
7189,13.800
7190,13.800
7191,13.900
7192,13.800
7193,13.900
7194,13.800
7195,13.800
7196,13.900
7197,13.700
7198,13.800
7199,13.800
7200,14.000
7201,15.700
7202,15.500
7203,13.800
7204,13.900
7205,13.800
7206,13.800
7207,13.900
7208,13.800
7209,13.800
7210,13.800
7211,13.900
7212,14.100
7213,32.500
7214,13.900
7215,13.900
7216,13.800
7217,13.900
7218,13.900
7219,13.900
7220,13.900
7221,13.900
7222,13.900
7223,13.900
7224,13.900
7225,13.900
7226,14.100
7227,13.900
7228,14.000
7229,14.100
7230,14.000
7231,13.900
7232,13.900
7233,13.900
7234,13.900
7235,13.900
7236,13.900
7237,13.900
7238,13.900
7239,13.900
7240,13.900
7241,13.900
7242,13.900
7243,13.900
7244,13.900
7245,14.000
7246,13.900
7247,13.900
7248,13.900
7249,13.900
7250,13.900
7251,13.900
7252,13.900
7253,14.100
7254,13.900
7255,13.900
7256,13.900
7257,13.900
7258,13.900
7259,13.900
7260,13.900
7261,14.000
7262,14.000
7263,13.900
7264,13.900
7265,13.900
7266,13.900
7267,13.900
7268,13.900
7269,13.900
7270,13.900
7271,13.900
7272,13.900
7273,13.900
7274,13.900
7275,13.900
7276,13.900
7277,13.900
7278,13.900
7279,13.900
7280,14.000
7281,13.900
7282,13.900
7283,13.900
7284,13.900
7285,13.900
7286,13.900
7287,13.900
7288,14.000
7289,13.900
7290,13.900
7291,13.800
7292,13.800
7293,13.900
7294,13.900
7295,13.900
7296,13.900
7297,13.900
7298,13.900
7299,13.900
7300,13.900
7301,14.000
7302,14.400
7303,13.900
7304,13.900
7305,14.000
7306,13.800
7307,13.900
7308,36.100
7309,14.000
7310,13.900
7311,13.700
7312,13.900
7313,13.800
7314,13.800
7315,13.800
7316,13.800
7317,13.900
7318,13.800
7319,13.800
7320,13.800
7321,13.800
7322,13.900
7323,13.800
7324,13.700
7325,13.900
7326,13.900
7327,13.800
7328,13.700
7329,13.900
7330,13.800
7331,13.800
7332,13.800
7333,13.800
7334,13.900
7335,13.800
7336,13.800
7337,13.800
7338,13.900
7339,23.600
7340,15.700
7341,15.000
7342,13.900
7343,13.800
7344,13.800
7345,13.800
7346,13.900
7347,13.800
7348,13.800
7349,13.900
7350,13.900
7351,13.800
7352,13.800
7353,13.800
7354,14.000
7355,13.900
7356,13.900
7357,13.900
7358,13.900
7359,13.800
7360,13.900
7361,16.500
7362,13.800
7363,13.800
7364,13.900
7365,13.800
7366,90.600
7367,14.600
7368,13.800
7369,13.800
7370,13.800
7371,13.800
7372,13.800
7373,13.800
7374,13.800
7375,13.800
7376,13.900
7377,13.800
7378,13.900
7379,13.800
7380,13.800
7381,13.900
7382,13.800
7383,13.900
7384,51.900
7385,16.200
7386,13.800
7387,13.800
7388,13.900
7389,13.800
7390,13.800
7391,13.800
7392,13.900
7393,13.800
7394,13.800
7395,13.800
7396,13.800
7397,14.100
7398,13.800
7399,13.700
7400,14.100
7401,15.200
7402,14.300
7403,15.400
7404,13.800
7405,13.900
7406,13.800
7407,13.800
7408,13.800
7409,13.900
7410,13.800
7411,13.800
7412,13.700
7413,13.900
7414,13.900
7415,13.800
7416,14.000
7417,13.900
7418,13.900
7419,13.800
7420,13.800
7421,13.900
7422,13.800
7423,13.800
7424,13.800
7425,13.800
7426,13.800
7427,13.800
7428,13.800
7429,13.800
7430,13.800
7431,13.800
7432,13.800
7433,13.800
7434,13.900
7435,13.900
7436,13.800
7437,13.800
7438,13.800
7439,13.900
7440,13.800
7441,13.800
7442,30.900
7443,14.100
7444,13.800
7445,13.900
7446,13.900
7447,13.900
7448,13.900
7449,13.900
7450,13.900
7451,13.900
7452,13.900
7453,13.900
7454,13.900
7455,13.800
7456,13.900
7457,13.900
7458,13.900
7459,13.900
7460,13.800
7461,13.900
7462,13.900
7463,13.900
7464,13.900
7465,13.900
7466,13.800
7467,27.800
7468,13.800
7469,13.800
7470,13.800
7471,13.800
7472,13.900
7473,13.800
7474,13.800
7475,13.800
7476,13.800
7477,13.900
7478,13.800
7479,13.800
7480,13.800
7481,13.800
7482,13.900
7483,13.800
7484,13.900
7485,13.900
7486,13.800
7487,13.800
7488,13.900
7489,13.800
7490,13.800
7491,13.800
7492,13.900
7493,13.800
7494,13.800
7495,13.800
7496,13.800
7497,13.900
7498,13.800
7499,13.800
7500,13.800
7501,13.800
7502,13.800
7503,13.800
7504,13.900
7505,13.800
7506,13.800
7507,13.800
7508,13.800
7509,13.900
7510,13.800
7511,13.800
7512,13.800
7513,13.900
7514,13.800
7515,13.900
7516,13.800
7517,13.800
7518,13.900
7519,13.800
7520,13.800
7521,13.900
7522,13.800
7523,13.900
7524,13.800
7525,13.900
7526,13.800
7527,13.900
7528,13.800
7529,13.800
7530,13.900
7531,13.800
7532,13.800
7533,13.900
7534,13.900
7535,13.800
7536,13.900
7537,13.800
7538,13.900
7539,13.800
7540,13.800
7541,13.900
7542,14.300
7543,15.700
7544,15.400
7545,13.900
7546,13.900
7547,13.800
7548,13.800
7549,13.900
7550,13.800
7551,13.800
7552,13.900
7553,13.800
7554,13.800
7555,13.900
7556,13.800
7557,13.800
7558,13.900
7559,13.800
7560,13.900
7561,13.800
7562,13.900
7563,13.800
7564,13.800
7565,13.900
7566,13.800
7567,13.900
7568,13.800
7569,13.900
7570,13.800
7571,13.800
7572,13.900
7573,13.800
7574,13.900
7575,13.800
7576,13.800
7577,13.900
7578,13.800
7579,13.800
7580,13.900
7581,13.800
7582,13.900
7583,13.800
7584,13.800
7585,21.200
7586,13.900
7587,13.800
7588,13.900
7589,13.800
7590,13.900
7591,13.900
7592,13.800
7593,13.900
7594,13.900
7595,15.400
7596,14.000
7597,13.900
7598,13.900
7599,13.900
7600,13.900
7601,14.000
7602,13.900
7603,13.900
7604,14.000
7605,13.900
7606,14.000
7607,13.900
7608,13.900
7609,13.900
7610,14.000
7611,14.000
7612,14.000
7613,14.000
7614,14.000
7615,14.100
7616,14.800
7617,15.800
7618,14.600
7619,14.000
7620,13.900
7621,13.900
7622,13.900
7623,13.900
7624,14.000
7625,13.900
7626,13.900
7627,13.900
7628,13.900
7629,13.900
7630,13.900
7631,13.900
7632,14.000
7633,13.900
7634,13.900
7635,13.900
7636,13.900
7637,13.900
7638,14.000
7639,13.900
7640,13.900
7641,13.900
7642,37.000
7643,6.000
7644,5.900
7645,5.900
7646,5.900
7647,5.800
7648,5.900
7649,5.900
7650,5.900
7651,5.900
7652,5.800
7653,5.900
7654,5.900
7655,5.800
7656,6.000
7657,5.800
7658,5.900
7659,5.900
7660,5.800
7661,5.900
7662,5.800
7663,6.000
7664,5.900
7665,5.800
7666,5.900
7667,5.900
7668,5.800
7669,5.900
7670,6.100
7671,5.900
7672,6.200
7673,6.100
7674,6.000
7675,5.900
7676,6.000
7677,6.100
7678,6.000
7679,5.800
7680,5.900
7681,5.800
7682,5.900
7683,5.900
7684,5.900
7685,5.800
7686,5.900
7687,5.900
7688,5.800
7689,5.900
7690,5.800
7691,5.900
7692,5.900
7693,5.900
7694,5.900
7695,5.800
7696,5.900
7697,5.900
7698,5.900
7699,5.900
7700,5.900
7701,5.800
7702,5.900
7703,5.900
7704,5.800
7705,5.900
7706,5.900
7707,5.900
7708,5.900
7709,5.800
7710,5.900
7711,5.800
7712,5.900
7713,5.900
7714,5.900
7715,5.800
7716,5.900
7717,5.900
7718,5.800
7719,5.900
7720,5.900
7721,5.900
7722,6.000
7723,10.000
7724,5.800
7725,5.900
7726,5.900
7727,5.900
7728,5.900
7729,5.800
7730,5.900
7731,5.800
7732,5.900
7733,5.900
7734,5.900
7735,5.900
7736,5.900
7737,5.900
7738,5.900
7739,5.900
7740,5.900
7741,5.900
7742,5.900
7743,5.800
7744,5.900
7745,5.900
7746,5.800
7747,5.900
7748,5.900
7749,5.900
7750,5.900
7751,5.800
7752,5.900
7753,5.800
7754,5.900
7755,5.900
7756,5.900
7757,5.900
7758,5.800
7759,5.900
7760,5.800
7761,5.900
7762,5.900
7763,5.900
7764,5.900
7765,5.800
7766,5.900
7767,5.900
7768,5.800
7769,6.000
7770,5.800
7771,5.900
7772,5.900
7773,5.800
7774,5.900
7775,5.900
7776,5.900
7777,5.900
7778,5.900
7779,5.800
7780,5.900
7781,5.800
7782,5.900
7783,5.900
7784,5.900
7785,5.900
7786,5.800
7787,5.900
7788,5.900
7789,5.800
7790,5.900
7791,5.900
7792,5.900
7793,5.800
7794,5.900
7795,5.900
7796,6.100
7797,5.900
7798,6.100
7799,6.200
7800,6.000
7801,5.900
7802,6.000
7803,6.100
7804,6.000
7805,5.900
7806,5.800
7807,5.900
7808,5.800
7809,5.900
7810,5.900
7811,5.900
7812,5.900
7813,5.900
7814,5.800
7815,5.900
7816,5.900
7817,5.800
7818,5.900
7819,5.900
7820,5.900
7821,5.800
7822,5.900
7823,5.800
7824,5.800
7825,5.900
7826,5.900
7827,5.900
7828,5.800
7829,5.800
7830,5.800
7831,5.900
7832,5.800
7833,6.000
7834,5.800
7835,5.800
7836,5.900
7837,5.800
7838,5.800
7839,5.900
7840,16.800
7841,14.100
7842,13.900
7843,13.900
7844,14.000
7845,13.900
7846,13.900
7847,14.000
7848,13.900
7849,16.500
7850,13.800
7851,13.800
7852,13.900
7853,13.800
7854,13.900
7855,13.800
7856,13.900
7857,13.800
7858,13.800
7859,13.800
7860,13.900
7861,13.800
7862,13.900
7863,13.800
7864,13.900
7865,13.800
7866,13.900
7867,13.900
7868,13.900
7869,13.800
7870,13.900
7871,13.800
7872,13.800
7873,14.900
7874,15.800
7875,14.600
7876,13.800
7877,13.900
7878,13.800
7879,13.800
7880,13.900
7881,13.900
7882,13.800
7883,13.800
7884,13.900
7885,13.800
7886,13.900
7887,13.800
7888,13.800
7889,13.800
7890,13.800
7891,13.900
7892,13.800
7893,13.800
7894,13.900
7895,13.800
7896,13.800
7897,13.900
7898,13.900
7899,13.800
7900,13.900
7901,13.800
7902,13.800
7903,13.900
7904,13.800
7905,13.800
7906,13.800
7907,13.900
7908,13.800
7909,13.800
7910,13.800
7911,13.900
7912,13.800
7913,13.800
7914,13.900
7915,13.800
7916,13.800
7917,13.800
7918,13.900
7919,13.900
7920,13.800
7921,13.900
7922,13.800
7923,13.800
7924,14.000
7925,13.800
7926,13.900
7927,13.800
7928,13.900
7929,13.800
7930,13.800
7931,13.800
7932,13.800
7933,13.800
7934,13.900
7935,13.800
7936,13.800
7937,13.900
7938,13.800
7939,13.900
7940,13.800
7941,13.900
7942,13.800
7943,13.900
7944,13.900
7945,13.900
7946,13.800
7947,13.800
7948,13.800
7949,14.300
7950,13.800
7951,13.800
7952,13.800
7953,13.900
7954,13.900
7955,13.800
7956,13.900
7957,13.900
7958,13.900
7959,13.800
7960,13.800
7961,13.800
7962,13.900
7963,13.900
7964,13.800
7965,13.800
7966,13.900
7967,13.900
7968,13.800
7969,13.800
7970,13.900
7971,13.800
7972,13.800
7973,13.900
7974,13.800
7975,13.900
7976,13.800
7977,16.100
7978,13.900
7979,14.000
7980,14.000
7981,13.900
7982,13.900
7983,13.900
7984,21.200
7985,13.900
7986,13.800
7987,13.900
7988,13.800
7989,13.800
7990,13.800
7991,13.800
7992,13.900
7993,13.800
7994,13.900
7995,13.900
7996,13.900
7997,13.800
7998,13.800
7999,13.800
8000,13.800
8001,13.800
8002,13.800
8003,13.800
8004,13.900
8005,13.800
8006,13.800
8007,13.800
8008,13.800
8009,13.800
8010,13.800
8011,13.800
8012,14.100
8013,15.200
8014,15.700
8015,13.900
8016,13.800
8017,13.800
8018,13.800
8019,13.800
8020,13.900
8021,13.800
8022,13.800
8023,13.800
8024,13.800
8025,13.800
8026,13.800
8027,13.800
8028,13.900
8029,13.800
8030,13.900
8031,13.800
8032,13.800
8033,13.900
8034,13.800
8035,13.800
8036,13.800
8037,13.800
8038,13.900
8039,13.800
8040,13.800
8041,62.200
8042,14.100
8043,13.800
8044,13.800
8045,13.800
8046,13.900
8047,13.800
8048,13.700
8049,14.100
8050,13.800
8051,13.800
8052,13.900
8053,13.800
8054,13.900
8055,13.900
8056,13.900
8057,13.800
8058,13.800
8059,13.800
8060,13.900
8061,13.800
8062,13.800
8063,13.800
8064,13.800
8065,13.800
8066,13.900
8067,13.700
8068,13.900
8069,13.700
8070,13.900
8071,13.800
8072,13.800
8073,13.800
8074,13.800
8075,13.800
8076,13.800
8077,13.800
8078,13.800
8079,13.900
8080,13.900
8081,13.800
8082,13.800
8083,13.900
8084,13.900
8085,13.900
8086,14.100
8087,15.500
8088,15.500
8089,13.800
8090,13.800
8091,13.800
8092,13.800
8093,13.800
8094,13.800
8095,13.800
8096,13.900
8097,13.900
8098,13.800
8099,13.800
8100,13.800
8101,13.900
8102,13.800
8103,13.800
8104,13.800
8105,24.600
8106,14.100
8107,13.900
8108,13.900
8109,13.800
8110,13.900
8111,13.900
8112,13.900
8113,13.900
8114,13.900
8115,13.900
8116,13.800
8117,13.900
8118,13.900
8119,13.900
8120,53.200
8121,14.100
8122,13.900
8123,13.900
8124,13.700
8125,13.800
8126,13.900
8127,13.800
8128,13.800
8129,13.900
8130,13.800
8131,13.800
8132,13.800
8133,13.900
8134,13.800
8135,13.800
8136,13.800
8137,13.800
8138,13.900
8139,13.800
8140,13.800
8141,13.800
8142,13.800
8143,13.800
8144,13.900
8145,13.800
8146,13.800
8147,13.800
8148,13.800
8149,13.800
8150,13.900
8151,13.800
8152,13.800
8153,13.800
8154,13.800
8155,13.900
8156,13.800
8157,13.800
8158,13.800
8159,13.800
8160,13.800
8161,13.800
8162,13.800
8163,13.900
8164,13.800
8165,13.800
8166,13.800
8167,13.800
8168,13.900
8169,13.800
8170,13.800
8171,13.900
8172,13.800
8173,13.800
8174,13.900
8175,13.800
8176,13.900
8177,13.800
8178,13.800
8179,13.900
8180,13.900
8181,13.900
8182,13.900
8183,13.800
8184,13.900
8185,13.900
8186,13.800
8187,13.800
8188,13.800
8189,13.900
8190,13.800
8191,13.800
8192,13.900
8193,13.800
8194,13.800
8195,13.800
8196,13.900
8197,13.900
8198,13.800
8199,13.800
8200,13.800
8201,13.900
8202,13.900
8203,13.800
8204,13.800
8205,13.900
8206,13.800
8207,13.900
8208,13.800
8209,13.900
8210,13.800
8211,13.800
8212,13.800
8213,13.900
8214,13.900
8215,13.800
8216,13.800
8217,13.800
8218,13.900
8219,13.800
8220,13.900
8221,13.900
8222,13.800
8223,13.900
8224,13.800
8225,13.800
8226,13.900
8227,13.800
8228,13.900
8229,13.800
8230,13.900
8231,13.800
8232,14.000
8233,19.200
8234,13.900
8235,13.800
8236,13.900
8237,13.700
8238,13.900
8239,13.900
8240,13.900
8241,13.800
8242,13.800
8243,13.800
8244,13.800
8245,13.800
8246,20.400
8247,13.900
8248,13.900
8249,14.000
8250,13.800
8251,13.800
8252,13.800
8253,13.800
8254,13.800
8255,13.800
8256,13.900
8257,13.800
8258,13.800
8259,13.800
8260,13.800
8261,51.500
8262,13.900
8263,13.800
8264,13.800
8265,13.800
8266,13.800
8267,13.800
8268,13.800
8269,13.900
8270,13.800
8271,13.800
8272,13.800
8273,13.800
8274,13.800
8275,13.800
8276,13.800
8277,13.900
8278,13.800
8279,13.800
8280,13.800
8281,13.900
8282,13.800
8283,13.800
8284,13.800
8285,13.800
8286,13.900
8287,13.800
8288,13.800
8289,13.800
8290,13.900
8291,13.800
8292,13.800
8293,13.800
8294,13.800
8295,13.800
8296,13.800
8297,21.300
8298,13.900
8299,13.800
8300,13.900
8301,13.800
8302,13.800
8303,13.800
8304,13.800
8305,13.800
8306,13.900
8307,13.800
8308,13.800
8309,13.900
8310,13.800
8311,13.800
8312,13.800
8313,13.800
8314,13.900
8315,13.800
8316,13.800
8317,13.800
8318,29.100
8319,13.900
8320,13.800
8321,13.800
8322,13.800
8323,13.800
8324,13.800
8325,13.800
8326,13.800
8327,13.800
8328,13.900
8329,181.200
8330,90.400
8331,72.700
8332,57.800
8333,14.200
8334,13.800
8335,13.900
8336,13.800
8337,38.900
8338,15.400
8339,14.500
8340,13.800
8341,13.800
8342,13.800
8343,13.800
8344,13.800
8345,71.000
8346,14.600
8347,13.800
8348,13.800
8349,13.800
8350,13.800
8351,13.800
8352,13.800
8353,13.800
8354,13.800
8355,29.000
8356,91.000
8357,35.500
8358,31.500
8359,51.300
8360,31.100
8361,31.100
8362,31.300
8363,31.100
8364,31.200
8365,31.100
8366,31.200
8367,31.100
8368,31.100
8369,31.200
8370,31.000
8371,72.000
8372,31.700
8373,16.200
8374,16.100
8375,14.400
8376,13.900
8377,13.900
8378,13.800
8379,246.100
8380,20.900
8381,14.000
8382,13.900
8383,73.600
8384,24.500
8385,13.900
8386,13.900
8387,101.700
8388,15.500
8389,13.900
8390,14.200
8391,13.800
8392,13.800
8393,13.800
8394,13.800
8395,13.900
8396,40.700
8397,6.000
8398,6.000
8399,5.900
8400,6.000
8401,5.900
8402,6.000
8403,5.900
8404,6.000
8405,6.000
8406,5.900
8407,5.900
8408,5.900
8409,5.900
8410,6.000
8411,5.900
8412,6.000
8413,5.900
8414,6.000
8415,5.900
8416,6.000
8417,5.900
8418,5.900
8419,6.000
8420,5.900
8421,5.900
8422,5.900
8423,5.900
8424,5.900
8425,5.900
8426,5.900
8427,5.900
8428,6.000
8429,5.900
8430,5.900
8431,5.900
8432,5.900
8433,6.000
8434,6.300
8435,6.000
8436,6.200
8437,6.300
8438,6.000
8439,6.000
8440,6.000
8441,6.000
8442,6.000
8443,5.900
8444,5.900
8445,5.900
8446,5.900
8447,5.900
8448,5.900
8449,6.000
8450,5.800
8451,6.000
8452,5.900
8453,5.900
8454,6.000
8455,5.900
8456,5.900
8457,5.900
8458,5.900
8459,5.900
8460,5.900
8461,6.000
8462,5.900
8463,5.900
8464,5.900
8465,5.900
8466,5.900
8467,5.900
8468,5.900
8469,6.000
8470,5.900
8471,5.800
8472,6.000
8473,5.900
8474,5.900
8475,5.900
8476,6.000
8477,5.900
8478,5.900
8479,5.800
8480,5.900
8481,5.900
8482,5.900
8483,5.900
8484,6.000
8485,5.900
8486,5.900
8487,20.800
8488,5.900
8489,5.900
8490,6.000
8491,5.900
8492,5.900
8493,5.900
8494,5.900
8495,5.900
8496,5.900
8497,5.900
8498,6.000
8499,5.900
8500,5.900
8501,5.900
8502,5.900
8503,6.000
8504,6.000
8505,5.900
8506,5.900
8507,5.900
8508,92.400
8509,21.700
8510,13.900
8511,13.900
8512,13.800
8513,13.800
8514,13.800
8515,13.800
8516,13.800
8517,14.000
8518,13.800
8519,73.500
8520,16.400
8521,13.900
8522,13.800
8523,13.900
8524,13.800
8525,13.900
8526,13.900
8527,13.800
8528,13.900
8529,13.800
8530,13.800
8531,13.900
8532,13.800
8533,13.900
8534,13.800
8535,13.900
8536,13.800
8537,14.300
8538,13.800
8539,13.900
8540,13.800
8541,13.900
8542,13.800
8543,13.800
8544,13.900
8545,13.800
8546,13.800
8547,13.900
8548,13.800
8549,13.800
8550,13.900
8551,13.800
8552,13.800
8553,13.900
8554,13.800
8555,13.800
8556,13.800
8557,14.000
8558,13.800
8559,13.800
8560,50.700
8561,106.300
8562,15.900
8563,13.900
8564,14.000
8565,14.100
8566,13.900
8567,36.200
8568,15.600
8569,14.000
8570,14.000
8571,13.900
8572,13.800
8573,13.900
8574,35.700
8575,15.500
8576,14.000
8577,34.100
8578,15.500
8579,13.900
8580,13.800
8581,13.900
8582,13.800
8583,13.900
8584,13.800
8585,13.900
8586,13.800
8587,13.900
8588,13.800
8589,13.900
8590,13.900
8591,13.800
8592,13.800
8593,13.900
8594,14.100
8595,15.500
8596,15.500
8597,13.900
8598,13.800
8599,13.800
8600,13.900
8601,13.800
8602,13.800
8603,13.800
8604,13.800
8605,13.900
8606,13.800
8607,13.800
8608,13.800
8609,13.800
8610,13.800
8611,13.900
8612,13.800
8613,13.800
8614,13.900
8615,25.700
8616,13.900
8617,13.800
8618,13.800
8619,13.800
8620,13.800
8621,13.800
8622,13.800
8623,13.800
8624,13.800
8625,13.800
8626,13.800
8627,13.800
8628,13.900
8629,13.700
8630,13.900
8631,13.900
8632,13.800
8633,13.900
8634,13.800
8635,13.800
8636,13.800
8637,13.800
8638,13.900
8639,13.800
8640,13.800
8641,13.800
8642,13.800
8643,13.800
8644,13.800
8645,13.800
8646,13.800
8647,13.800
8648,13.800
8649,13.800
8650,13.800
8651,13.800
8652,13.800
8653,13.800
8654,13.800
8655,13.800
8656,13.800
8657,13.800
8658,13.800
8659,13.800
8660,13.900
8661,13.800
8662,13.800
8663,13.800
8664,13.800
8665,14.100
8666,15.500
8667,15.400
8668,13.800
8669,13.900
8670,13.800
8671,13.800
8672,13.800
8673,13.800
8674,13.800
8675,13.800
8676,13.800
8677,13.800
8678,13.800
8679,13.800
8680,13.800
8681,13.800
8682,13.800
8683,13.800
8684,13.900
8685,14.300
8686,13.800
8687,13.800
8688,13.800
8689,13.800
8690,13.800
8691,13.900
8692,13.800
8693,13.900
8694,13.800
8695,13.800
8696,13.900
8697,13.800
8698,13.800
8699,13.900
8700,30.000
8701,14.100
8702,13.800
8703,13.800
8704,13.800
8705,13.800
8706,13.800
8707,13.800
8708,13.800
8709,13.900
8710,13.800
8711,13.800
8712,13.800
8713,13.800
8714,13.800
8715,13.900
8716,13.800
8717,13.800
8718,13.800
8719,13.900
8720,13.900
8721,13.800
8722,13.800
8723,13.900
8724,13.800
8725,13.800
8726,13.900
8727,13.900
8728,13.800
8729,13.800
8730,13.800
8731,13.900
8732,13.900
8733,13.800
8734,13.800
8735,13.800
8736,13.900
8737,14.700
8738,15.700
8739,14.500
8740,13.900
8741,13.800
8742,13.900
8743,25.400
8744,13.800
8745,13.800
8746,13.800
8747,13.800
8748,13.800
8749,13.800
8750,13.800
8751,13.800
8752,13.800
8753,13.900
8754,13.800
8755,13.800
8756,13.800
8757,13.800
8758,13.900
8759,13.900
8760,13.800
8761,13.800
8762,13.800
8763,13.800
8764,13.800
8765,13.800
8766,13.800
8767,13.800
8768,13.800
8769,13.800
8770,13.800
8771,13.800
8772,13.800
8773,13.800
8774,13.800
8775,13.800
8776,13.900
8777,13.800
8778,13.800
8779,13.800
8780,13.800
8781,13.800
8782,13.800
8783,13.800
8784,13.800
8785,13.800
8786,13.800
8787,13.800
8788,13.900
8789,13.800
8790,13.800
8791,13.800
8792,13.800
8793,13.700
8794,13.800
8795,13.900
8796,13.700
8797,13.900
8798,13.800
8799,13.800
8800,13.800
8801,13.800
8802,13.800
8803,13.800
8804,13.800
8805,13.800
8806,13.800
8807,14.100
8808,13.800
8809,13.800
8810,13.900
8811,13.800
8812,13.800
8813,13.800
8814,13.800
8815,13.800
8816,13.900
8817,13.800
8818,13.900
8819,13.900
8820,13.900
8821,13.800
8822,13.800
8823,13.800
8824,13.800
8825,13.800
8826,13.800
8827,13.800
8828,13.800
8829,13.800
8830,13.900
8831,13.800
8832,13.800
8833,13.800
8834,13.800
8835,38.300
8836,14.000
8837,14.000
8838,13.800
8839,13.800
8840,13.800
8841,13.800
8842,24.700
8843,14.000
8844,13.800
8845,13.800
8846,13.800
8847,13.800
8848,13.800
8849,13.800
8850,13.800
8851,13.800
8852,13.800
8853,13.800
8854,13.800
8855,13.800
8856,13.800
8857,13.800
8858,13.900
8859,13.800
8860,13.700
8861,13.900
8862,13.800
8863,13.800
8864,13.800
8865,13.800
8866,13.800
8867,13.800
8868,13.800
8869,16.300
8870,13.800
8871,13.800
8872,13.800
8873,13.800
8874,13.800
8875,13.700
8876,13.800
8877,13.800
8878,14.100
8879,13.800
8880,13.800
8881,13.800
8882,13.700
8883,13.800
8884,13.900
8885,13.800
8886,13.800
8887,13.900
8888,13.800
8889,13.800
8890,13.800
8891,13.800
8892,13.800
8893,13.700
8894,13.900
8895,13.700
8896,13.800
8897,13.800
8898,13.800
8899,13.800
8900,13.800
8901,13.700
8902,13.800
8903,13.800
8904,13.800
8905,13.800
8906,13.700
8907,13.800
8908,13.800
8909,13.800
8910,13.800
8911,13.800
8912,13.800
8913,13.800
8914,13.800
8915,13.800
8916,13.700
8917,13.800
8918,13.800
8919,13.800
8920,13.800
8921,13.700
8922,13.800
8923,13.800
8924,13.800
8925,14.300
8926,13.800
8927,13.700
8928,13.800
8929,13.800
8930,13.800
8931,13.800
8932,13.700
8933,13.800
8934,13.800
8935,13.800
8936,13.900
8937,13.700
8938,13.800
8939,13.800
8940,13.800
8941,13.800
8942,13.800
8943,13.800
8944,13.900
8945,13.800
8946,13.800
8947,13.900
8948,13.800
8949,13.800
8950,13.800
8951,13.800
8952,13.800
8953,13.800
8954,13.900
8955,13.800
8956,13.700
8957,13.800
8958,13.900
8959,14.000
8960,14.100
8961,14.200
8962,14.200
8963,13.900
8964,13.800
8965,13.800
8966,13.800
8967,13.800
8968,13.800
8969,13.800
8970,13.800
8971,13.800
8972,13.800
8973,14.300
8974,13.800
8975,13.800
8976,13.800
8977,13.800
8978,13.800
8979,13.800
8980,13.800
8981,13.800
8982,13.800
8983,13.800
8984,13.800
8985,13.700
8986,20.900
8987,13.900
8988,13.900
8989,13.800
8990,13.800
8991,13.900
8992,13.800
8993,13.800
8994,13.800
8995,13.900
8996,13.800
8997,17.300
8998,13.800
8999,13.800
9000,13.800
9001,13.900
9002,13.800
9003,13.800
9004,13.900
9005,13.800
9006,13.800
9007,13.900
9008,13.800
9009,13.800
9010,13.900
9011,13.800
9012,13.900
9013,13.800
9014,13.900
9015,13.900
9016,13.800
9017,13.800
9018,13.900
9019,13.800
9020,13.800
9021,14.100
9022,15.000
9023,15.700
9024,14.200
9025,13.800
9026,13.800
9027,13.900
9028,13.800
9029,13.800
9030,13.900
9031,13.800
9032,13.800
9033,13.800
9034,13.800
9035,13.800
9036,13.800
9037,13.900
9038,13.800
9039,13.800
9040,13.800
9041,13.900
9042,13.800
9043,13.900
9044,13.800
9045,13.800
9046,13.800
9047,13.800
9048,13.900
9049,13.800
9050,13.800
9051,13.800
9052,13.800
9053,13.900
9054,13.800
9055,13.800
9056,13.800
9057,13.800
9058,13.800
9059,13.900
9060,13.800
9061,13.800
9062,13.800
9063,13.800
9064,13.900
9065,13.800
9066,13.800
9067,13.800
9068,13.800
9069,13.800
9070,13.900
9071,13.800
9072,13.900
9073,13.900
9074,13.900
9075,13.900
9076,13.900
9077,13.800
9078,13.800
9079,13.900
9080,13.800
9081,13.900
9082,13.800
9083,13.800
9084,13.900
9085,13.800
9086,13.800
9087,13.800
9088,13.900
9089,13.800
9090,13.800
9091,13.900
9092,13.800
9093,13.800
9094,14.200
9095,15.500
9096,15.500
9097,13.800
9098,13.800
9099,13.800
9100,13.900
9101,13.800
9102,13.800
9103,13.800
9104,13.900
9105,13.800
9106,13.800
9107,13.900
9108,13.800
9109,13.800
9110,13.900
9111,13.800
9112,13.800
9113,13.900
9114,13.800
9115,13.800
9116,13.900
9117,14.200
9118,13.800
9119,13.900
9120,47.100
9121,14.100
9122,13.800
9123,13.800
9124,13.800
9125,15.700
9126,13.800
9127,21.400
9128,13.800
9129,13.900
9130,13.800
9131,13.800
9132,13.900
9133,13.800
9134,13.800
9135,13.800
9136,13.800
9137,13.800
9138,13.800
9139,13.800
9140,14.000
9141,13.800
9142,13.900
9143,13.900
9144,13.800
9145,13.800
9146,13.800
9147,13.800
9148,13.800
9149,22.200
9150,13.900
9151,13.800
9152,13.800
9153,13.800
9154,13.800
9155,13.800
9156,13.800
9157,13.900
9158,13.700
9159,13.800
9160,13.900
9161,13.800
9162,13.800
9163,13.800
9164,13.800
9165,13.800
9166,13.800
9167,13.800
9168,13.800
9169,13.800
9170,13.900
9171,13.800
9172,13.800
9173,13.800
9174,13.800
9175,13.800
9176,13.800
9177,13.800
9178,13.800
9179,13.800
9180,13.800
9181,13.900
9182,13.800
9183,13.800
9184,13.800
9185,13.800
9186,13.800
9187,13.800
9188,13.800
9189,13.800
9190,13.800
9191,13.800
9192,13.800
9193,13.800
9194,13.800
9195,13.900
9196,13.800
9197,13.800
9198,13.800
9199,13.800
9200,13.800
9201,13.800
9202,13.900
9203,13.800
9204,13.800
9205,13.800
9206,13.900
9207,13.800
9208,13.800
9209,13.800
9210,13.800
9211,13.800
9212,13.800
9213,13.800
9214,13.800
9215,13.800
9216,13.800
9217,13.800
9218,13.800
9219,13.800
9220,13.800
9221,13.800
9222,13.800
9223,13.800
9224,13.900
9225,13.800
9226,13.800
9227,13.800
9228,13.800
9229,13.800
9230,13.900
9231,13.800
9232,13.800
9233,13.800
9234,13.800
9235,13.800
9236,13.800
9237,13.800
9238,13.800
9239,13.800
9240,13.800
9241,13.800
9242,13.800
9243,13.800
9244,13.800
9245,13.800
9246,13.800
9247,13.800
9248,13.800
9249,13.800
9250,13.900
9251,13.700
9252,13.900
9253,16.600
9254,13.800
9255,13.800
9256,13.800
9257,13.800
9258,13.800
9259,13.800
9260,13.800
9261,13.800
9262,13.900
9263,13.800
9264,13.800
9265,13.800
9266,13.900
9267,13.800
9268,14.000
9269,13.900
9270,22.700
9271,14.100
9272,13.800
9273,13.800
9274,13.800
9275,13.800
9276,13.800
9277,13.800
9278,13.900
9279,13.800
9280,13.800
9281,13.800
9282,13.800
9283,13.800
9284,13.800
9285,13.800
9286,13.900
9287,13.800
9288,13.800
9289,13.800
9290,13.900
9291,13.800
9292,13.800
9293,13.800
9294,13.800
9295,13.800
9296,13.800
9297,13.800
9298,13.800
9299,13.800
9300,13.800
9301,13.800
9302,13.800
9303,13.800
9304,13.800
9305,13.800
9306,13.800
9307,14.200
9308,15.500
9309,15.400
9310,13.900
9311,13.800
9312,13.800
9313,13.800
9314,13.800
9315,13.800
9316,13.800
9317,13.800
9318,13.800
9319,13.900
9320,13.800
9321,13.800
9322,13.800
9323,13.800
9324,13.800
9325,13.800
9326,13.900
9327,13.800
9328,13.900
9329,13.900
9330,13.800
9331,13.800
9332,13.800
9333,13.900
9334,13.800
9335,13.800
9336,13.800
9337,13.800
9338,13.800
9339,13.800
9340,13.800
9341,13.800
9342,13.800
9343,13.800
9344,13.800
9345,13.800
9346,13.800
9347,13.800
9348,13.800
9349,13.800
9350,13.800
9351,13.800
9352,13.900
9353,19.500
9354,13.900
9355,13.700
9356,13.800
9357,13.800
9358,13.800
9359,13.800
9360,13.800
9361,13.700
9362,13.800
9363,13.800
9364,13.800
9365,13.800
9366,13.800
9367,13.800
9368,13.700
9369,13.800
9370,13.800
9371,13.800
9372,13.800
9373,13.800
9374,13.800
9375,13.700
9376,13.800
9377,13.800
9378,13.800
9379,16.500
9380,13.800
9381,13.800
9382,13.800
9383,13.800
9384,13.800
9385,13.800
9386,13.800
9387,13.800
9388,13.800
9389,13.800
9390,13.800
9391,13.800
9392,13.800
9393,13.700
9394,13.900
9395,13.800
9396,13.900
9397,13.900
9398,13.800
9399,13.800
9400,13.800
9401,13.700
9402,13.800
9403,13.800
9404,13.800
9405,48.900
9406,6.200
9407,5.900
9408,5.900
9409,5.900
9410,6.000
9411,5.800
9412,5.900
9413,5.900
9414,5.900
9415,5.900
9416,5.900
9417,5.900
9418,5.900
9419,15.300
9420,13.900
9421,13.800
9422,13.800
9423,13.800
9424,13.800
9425,13.800
9426,13.800
9427,13.800
9428,13.800
9429,13.800
9430,13.800
9431,13.800
9432,13.800
9433,13.800
9434,13.800
9435,13.800
9436,13.800
9437,13.800
9438,13.800
9439,13.800
9440,13.800
9441,13.800
9442,13.800
9443,13.800
9444,13.800
9445,13.800
9446,13.900
9447,13.800
9448,13.800
9449,13.800
9450,13.800
9451,13.900
9452,13.800
9453,13.800
9454,13.900
9455,13.800
9456,13.900
9457,13.900
9458,13.900
9459,13.800
9460,13.800
9461,13.800
9462,13.800
9463,13.800
9464,13.800
9465,13.800
9466,13.800
9467,13.800
9468,13.800
9469,13.800
9470,13.800
9471,13.800
9472,13.800
9473,13.800
9474,13.800
9475,13.800
9476,13.900
9477,13.800
9478,13.800
9479,13.800
9480,13.800
9481,13.800
9482,13.800
9483,23.200
9484,14.400
9485,13.800
9486,13.800
9487,13.800
9488,13.800
9489,13.900
9490,13.800
9491,13.800
9492,13.800
9493,13.900
9494,13.800
9495,13.800
9496,13.800
9497,13.800
9498,13.800
9499,13.800
9500,13.700
9501,13.900
9502,13.800
9503,13.800
9504,13.800
9505,13.800
9506,13.900
9507,18.500
9508,13.800
9509,13.800
9510,13.900
9511,13.800
9512,13.800
9513,13.800
9514,13.900
9515,62.700
9516,17.900
9517,14.100
9518,211.700
9519,49.200
9520,39.700
9521,39.800
9522,39.700
9523,39.500
9524,39.800
9525,39.700
9526,263.000
9527,43.600
9528,39.700
9529,39.400
9530,39.400
9531,39.400
9532,153.600
9533,18.900
9534,13.900
9535,139.500
9536,36.500
9537,15.800
9538,13.800
9539,13.900
9540,13.800
9541,13.900
9542,13.800
9543,13.800
9544,13.900
9545,13.800
9546,13.800
9547,13.800
9548,13.900
9549,13.800
9550,13.800
9551,13.900
9552,13.800
9553,13.800
9554,13.800
9555,13.800
9556,13.800
9557,13.900
9558,13.800
9559,14.100
9560,13.800
9561,13.900
9562,13.800
9563,13.800
9564,13.900
9565,13.800
9566,13.800
9567,13.800
9568,13.900
9569,13.800
9570,13.900
9571,13.700
9572,13.900
9573,13.900
9574,13.900
9575,13.800
9576,13.900
9577,13.800
9578,13.900
9579,13.800
9580,13.800
9581,13.800
9582,13.900
9583,13.900
9584,13.800
9585,13.900
9586,13.900
9587,13.800
9588,13.900
9589,13.800
9590,13.800
9591,13.900
9592,13.800
9593,13.800
9594,13.800
9595,13.900
9596,13.800
9597,13.800
9598,13.800
9599,13.900
9600,13.800
9601,13.800
9602,13.800
9603,13.900
9604,13.800
9605,13.900
9606,13.800
9607,13.900
9608,13.800
9609,13.800
9610,13.800
9611,13.900
9612,13.800
9613,13.900
9614,13.800
9615,13.800
9616,13.900
9617,49.800
9618,6.000
9619,5.900
9620,5.900
9621,5.900
9622,5.800
9623,6.000
9624,5.800
9625,5.900
9626,5.800
9627,5.900
9628,5.900
9629,5.800
9630,6.000
9631,5.900
9632,5.800
9633,5.900
9634,5.800
9635,17.000
9636,5.800
9637,6.000
9638,5.900
9639,5.900
9640,5.800
9641,5.900
9642,5.900
9643,5.800
9644,6.000
9645,5.900
9646,5.900
9647,5.900
9648,5.800
9649,5.900
9650,6.000
9651,5.900
9652,5.900
9653,6.000
9654,5.800
9655,5.900
9656,5.900
9657,5.800
9658,5.900
9659,5.900
9660,6.000
9661,5.900
9662,5.900
9663,5.800
9664,5.900
9665,5.900
9666,5.900
9667,5.900
9668,5.900
9669,5.800
9670,5.900
9671,5.900
9672,5.900
9673,5.900
9674,5.900
9675,5.900
9676,6.000
9677,5.800
9678,5.900
9679,5.900
9680,5.900
9681,5.900
9682,5.900
9683,5.800
9684,5.900
9685,5.800
9686,5.900
9687,5.900
9688,5.900
9689,5.900
9690,5.800
9691,5.900
9692,5.900
9693,23.900
9694,14.400
9695,13.800
9696,13.800
9697,13.800
9698,13.800
9699,13.800
9700,13.800
9701,13.900
9702,13.800
9703,13.800
9704,13.800
9705,14.200
9706,13.800
9707,13.800
9708,13.800
9709,13.800
9710,14.000
9711,13.800
9712,13.800
9713,13.900
9714,13.900
9715,13.700
9716,13.800
9717,13.900
9718,13.800
9719,13.800
9720,13.700
9721,13.800
9722,13.900
9723,13.800
9724,13.800
9725,13.800
9726,13.800
9727,13.800
9728,13.800
9729,13.800
9730,13.800
9731,13.800
9732,13.900
9733,13.800
9734,13.800
9735,13.800
9736,13.800
9737,13.800
9738,13.800
9739,13.800
9740,13.800
9741,13.800
9742,13.800
9743,13.800
9744,13.900
9745,13.700
9746,13.900
9747,13.700
9748,13.900
9749,13.800
9750,13.800
9751,13.800
9752,13.800
9753,13.800
9754,13.800
9755,13.800
9756,13.800
9757,13.800
9758,13.800
9759,13.800
9760,13.800
9761,13.800
9762,14.000
9763,17.200
9764,13.900
9765,13.800
9766,13.800
9767,13.800
9768,13.800
9769,13.800
9770,13.800
9771,13.800
9772,13.800
9773,13.900
9774,13.800
9775,13.800
9776,13.900
9777,13.800
9778,15.600
9779,15.500
9780,13.800
9781,13.800
9782,13.900
9783,13.800
9784,13.800
9785,13.800
9786,13.800
9787,13.800
9788,13.800
9789,13.800
9790,13.800
9791,13.800
9792,13.900
9793,13.800
9794,13.800
9795,13.800
9796,13.800
9797,13.800
9798,13.800
9799,13.800
9800,13.900
9801,13.800
9802,13.800
9803,13.800
9804,13.800
9805,13.800
9806,13.900
9807,13.800
9808,13.800
9809,13.800
9810,13.800
9811,13.800
9812,13.800
9813,13.800
9814,13.800
9815,13.800
9816,13.800
9817,13.800
9818,13.800
9819,13.800
9820,13.800
9821,13.900
9822,13.800
9823,13.800
9824,13.800
9825,13.800
9826,13.800
9827,13.800
9828,13.900
9829,13.800
9830,13.900
9831,13.800
9832,13.800
9833,13.800
9834,13.800
9835,13.800
9836,13.900
9837,22.900
9838,14.000
9839,13.900
9840,13.900
9841,13.900
9842,13.800
9843,13.900
9844,13.900
9845,13.900
9846,13.800
9847,13.900
9848,14.000
9849,13.800
9850,13.900
9851,14.300
9852,15.500
9853,15.600
9854,13.900
9855,13.900
9856,13.900
9857,13.900
9858,13.900
9859,13.900
9860,13.900
9861,13.900
9862,13.900
9863,13.900
9864,13.900
9865,13.900
9866,13.900
9867,13.900
9868,13.900
9869,13.900
9870,13.900
9871,13.900
9872,13.900
9873,13.800
9874,13.900
9875,13.900
9876,13.900
9877,13.900
9878,13.800
9879,13.900
9880,13.900
9881,13.900
9882,13.900
9883,13.800
9884,13.900
9885,13.900
9886,13.900
9887,13.800
9888,13.900
9889,16.600
9890,13.900
9891,13.700
9892,13.900
9893,13.800
9894,13.800
9895,13.800
9896,13.800
9897,13.800
9898,13.800
9899,13.800
